Subject,Start Date
Conrad II campaigns in Poland,03/13/1027
Yaroslav the Wise strengthens Kievan Rus,09/29/1027
Viking raids on Scotland intensify under Canute,01/17/1028
Canute the Great conquers Norway from Olaf II,11/08/1028
Romanos III Argyros becomes Byzantine Emperor,11/12/1028
"Mahmud of Ghazni dies, Masud I becomes sultan of Ghaznavid Empire",03/15/1029
Casimir I restores Polish kingdom,08/15/1029
"Byzantine Empire annexes Ani, Armenian capital",10/26/1029
"Mahmud of Ghazni dies, Masud I succeeds",04/30/1030
Battle of Stiklestad - Olaf II of Norway killed,07/29/1030
Kingdom of Aragon founded in Iberia,09/07/1030
Crown of Castile founded,10/18/1030
"Hisham III, last Caliph of Cordoba, deposed",04/13/1031
Henry I becomes king of France,09/29/1031
Caliphate of Cordoba collapses into taifa kingdoms,12/16/1031
"Al-Qadir Billah, Abbasid Caliph, dies in Baghdad",03/31/1032
Conrad II becomes king of Burgundy,06/10/1032
Kingdom of Burgundy absorbed into Holy Roman Empire,09/11/1032
Famine across Europe following crop failures,02/10/1033
Canute the Great grants privileges to English church,05/10/1033
Millennial panic spreads over 1000 years since Christ's death,05/15/1033
Byzantine Emperor Romanos III assassinated,04/11/1034
Duncan I becomes king of Scotland,08/11/1034
Malcolm II of Scotland dies,11/25/1034
Kingdom of Castile becomes independent under Ferdinand I,02/17/1035
Crown of Aragon founded,04/20/1035
William the Conqueror (Duke William) becomes Duke of Normandy,08/23/1035
"Canute the Great dies, England divided among sons",11/12/1035
Mieszko II Lambert of Poland abdicates,06/16/1036
Seljuk Turks defeat Ghaznavids at Battle of Nasa,10/01/1036
Harold Harefoot becomes king of England,11/10/1036
Seljuk Turks take Merv and Nishapur,06/12/1037
"Avicenna (Ibn Sina) dies, Persian polymath",06/22/1037
Ferdinand I unites Leon and Castile,07/28/1037
Seljuk Empire founded,07/28/1037
Western Xia dynasty founded,04/28/1038
George Maniakes leads Byzantine campaign in Sicily,08/09/1038
"Stephen I of Hungary dies, first Christian king of Hungary",08/15/1038
Seljuk Turks under Tughril control Khorasan,12/12/1038
"Conrad II, Holy Roman Emperor dies",06/04/1039
Henry III becomes Holy Roman Emperor,09/05/1039
"Harold Harefoot of England dies, Harthacnut becomes king",09/18/1039
Duncan I of Scotland slain; Macbeth succeeds him,02/13/1040
Battle of Dandanaqan - Seljuks defeat Ghaznavids decisively,05/23/1040
"Macbeth kills Duncan I, becomes king of Scotland",08/14/1040
Harthacnut becomes king of England,11/08/1040
Byzantine general George Maniakes captures Edessa,05/04/1041
Seljuk Turks formally establish control over Khorasan,06/17/1041
Bi Sheng invents ceramic movable type printing,11/07/1041
"Michael IV the Paphlagonian, Byzantine Emperor, dies",12/10/1041
"Harthacnut dies, end of Danish rule in England",06/08/1042
Edward the Confessor becomes king of England,09/30/1042
Byzantine Empress Zoe restores Macedonian dynasty,12/31/1042
Viking attack on Constantinople repulsed,01/16/1043
Casimir I restores Krakow as Polish capital,10/24/1043
Battle of Tefnek - Seljuks defeat Byzantine forces,03/14/1044
Henry III defeats Hungarian king Peter at Battle of Menfo,07/05/1044
Pagan Kingdom of Burma founded by Anawrahta,07/25/1044
Pope Gregory VI purchases papacy from Benedict IX,03/05/1045
Casimir I of Poland recaptures Silesia from Bohemia,06/25/1045
Three popes simultaneously claim papacy (scandal),10/09/1045
Synod of Sutri - Henry III deposes three rival popes,12/20/1046
"Clement II becomes pope, beginning of German-controlled papacy",12/25/1046
Henry III crowned Holy Roman Emperor,12/25/1046
Tughril of the Seljuks takes Ray and Isfahan,01/24/1047
Battle of Val-es-Dunes - William of Normandy crushes rebellion,04/15/1047
"Magnus the Good of Norway dies, Harald Hardrada succeeds",10/25/1047
Massive earthquake in Tabriz kills thousands,04/16/1048
"Al-Biruni, Persian scholar and polymath, dies",07/10/1048
Pope Damasus II dies after only 23 days as pope,08/09/1048
"Leo IX becomes pope, begins Church reform movement",02/12/1049
Seljuk raids into Byzantine Armenia intensify,06/02/1049
Council of Reims condemns simony and clerical marriage,10/03/1049
William of Normandy marries Matilda of Flanders,05/21/1050
Anawrahta of Pagan converts to Theravada Buddhism,08/14/1050
Normans begin conquering southern Italy from Byzantines,08/30/1050
Edward the Confessor exiles Earl Godwin of Wessex,05/25/1051
Tughril Beg extends Seljuk control to Azerbaijan,09/16/1051
Normans capture Benevento from Byzantine Italy,12/14/1051
Seljuk Turks sack Byzantine city of Manzikert for first time,01/14/1052
Normans take Capua in southern Italy,02/20/1052
Earl Godwin returns to England and regains power,10/28/1052
"Earl Godwin of Wessex dies, Harold Godwinson inherits earldom",04/15/1053
Pope Leo IX dies in Norman captivity,04/19/1053
Battle of Civitate - Normans capture Pope Leo IX,06/18/1053
Yaroslav the Wise of Kievan Rus dies,02/20/1054
Supernova explosion creates Crab Nebula (observed by Chinese astronomers),07/04/1054
Great Schism - mutual excommunications split Catholic and Orthodox Christianity,07/16/1054
Supernova observed - remnants form Crab Nebula,08/15/1054
Great Schism - Catholic and Orthodox churches split,08/31/1054
Seljuk Turks capture Baghdad,02/05/1055
Pope Victor II elected,08/27/1055
Seljuk Turks end Buyid dynasty control of Baghdad,10/21/1055
Ferdinand I of León expands Castilian territory,06/15/1056
Seljuk Turks consolidate control of Baghdad,07/18/1056
Agnes of Poitiers becomes regent for young Henry IV,08/10/1056
"Lullus becomes first Archbishop of Mainz, canonized later",05/06/1057
Macbeth killed at Battle of Lumphanan by Malcolm Canmore,08/15/1057
Isaac I Komnenos becomes Byzantine Emperor,09/01/1057
"Pope Nicholas II elected, reforming papacy",03/30/1058
Malcolm III (Canmore) becomes king of Scotland,06/21/1058
"Gerard of Cremona born, translator of Arabic texts to Latin",11/12/1058
Papal Election Decree - College of Cardinals established,04/13/1059
Robert Guiscard acknowledged Norman ruler of southern Italy by Pope,06/16/1059
Alp Arslan becomes sultan of Seljuk Empire,08/22/1059
Normans begin conquest of Muslim Sicily under Roger I,02/08/1060
Henry I of France dies,08/04/1060
Philip I becomes king of France,08/04/1060
Almoravid dynasty begins expansion from Morocco,09/29/1061
Pope Alexander II elected,09/30/1061
Norman conquest of Sicily begins,10/31/1061
Normans capture Messina in Sicily,11/10/1061
Almoravids found Marrakech as their capital,04/11/1062
Alp Arslan extends Seljuk Empire into Syria and Palestine,07/07/1062
Anno II of Cologne kidnaps young Henry IV of Germany,12/15/1062
"Tughril Beg, founder of Seljuk Empire, dies",03/17/1063
Alp Arslan captures Armenian city of Ani,09/24/1063
"Ferdinand I of Leon and Castile dies, kingdom divided",12/27/1063
"Harold Godwinson visits Normandy, allegedly swears oath to William",02/05/1064
"Seljuk Turks sack the city of Ani, killing thousands",03/10/1064
Comet observed in China and Europe (possibly Halley's),04/27/1064
Seljuk raids devastate Anatolia and Armenia,06/08/1065
Sancho II becomes king of Castile,08/23/1065
Westminster Abbey consecrated by Edward the Confessor,12/28/1065
"Edward the Confessor dies, Harold Godwinson becomes king of England",01/05/1066
Battle of Hastings - Norman conquest of England,05/04/1066
Battle of Stamford Bridge - Harold defeats Norse invasion under Harald Hardrada,09/25/1066
Battle of Hastings - William the Conqueror defeats Harold II,10/14/1066
William the Conqueror crowned King of England,12/25/1066
Eudokia Makrembolitissa serves as regent for Byzantine Empire,02/07/1067
Romanos IV Diogenes becomes Byzantine Emperor,06/25/1067
William the Conqueror begins building Tower of London,10/25/1067
Seljuk expansion into Anatolia continues,07/04/1068
William the Conqueror suppresses rebellion in northern England,11/24/1068
Exeter submits to William the Conqueror,12/27/1068
"Danish fleet aids English rebels, then withdraws",03/18/1069
Norman conquest of England essentially complete,04/29/1069
Harrying of the North - William devastates northern England,10/30/1069
Lanfranc becomes Archbishop of Canterbury under William I,04/05/1070
Seljuk Turks under Alp Arslan enter Anatolia,08/09/1070
Hereward the Wake leads last English resistance against Normans,12/13/1070
"Normans capture Bari, ending Byzantine rule in Italy",04/16/1071
Seljuk control over Jerusalem begins,05/19/1071
Battle of Manzikert - Byzantine defeat by Seljuks,10/19/1071
"Normans complete conquest of Sicily, take Palermo",01/10/1072
Maliki fiqh school of Islamic law codified in North Africa,08/30/1072
"Alp Arslan, Seljuk Sultan, assassinated",11/15/1072
"Gregory VII becomes pope, launches Gregorian Reform",04/22/1073
Malik Shah I becomes sultan of Seljuk Empire,09/05/1073
Normans invade Byzantine Balkans,10/15/1073
Gregory VII excommunicates married clergy and simonists,01/23/1074
Byzantine Emperor Michael VII appeals to Pope Gregory VII for help,01/31/1074
Almoravids cross into Spain for first time,03/25/1074
Seljuk Turks capture Jerusalem from Fatimids,06/01/1074
Seljuk Empire reaches its greatest extent under Malik Shah I,01/16/1075
Investiture Controversy begins - Pope Gregory VII bans lay investiture,02/22/1075
Gregory VII issues Dictatus Papae asserting papal supremacy,03/09/1075
Investiture Controversy begins,04/18/1075
Henry IV deposed by Gregory VII at Diet of Worms,01/18/1076
Pope Gregory VII excommunicates Henry IV,02/22/1076
Seljuk Turks take Damascus and expand into Palestine,10/12/1076
Ghana Empire attacked by Almoravids,12/03/1076
Walk to Canossa - Henry IV does penance to Gregory VII,01/25/1077
Pope Gregory VII lifts excommunication of Henry IV,01/28/1077
Rudolf of Swabia elected anti-king in Germany,03/15/1077
Walk to Canossa by Henry IV,04/04/1077
"Nikephoros III Botaneiates deposes Michael VII, becomes Byzantine Emperor",04/16/1078
"Anna Comnena born, Byzantine princess and historian",09/15/1078
Henry IV campaigns against German princes,11/20/1078
Battle of Flarchheim - Henry IV defeats rival king Rudolf,01/27/1079
Pope Gregory VII again excommunicates Henry IV,06/29/1079
Seljuk Turks take Antioch,08/14/1079
Henry IV sets up anti-pope Clement III,06/25/1080
Alexios I Komnenos seizes Byzantine throne,08/16/1080
Rudolf of Swabia dies at Battle of the Elster,10/15/1080
Henry IV invades Italy to fight Pope Gregory VII,04/14/1081
Robert Guiscard invades Byzantine territory in Balkans,08/16/1081
Henry IV lays siege to Rome,02/11/1082
Venice granted trading rights in Byzantine Empire by Alexios I,06/03/1082
Robert Guiscard wins Battle of Dyrrachium against Byzantines,10/18/1082
Henry IV captures Rome,09/14/1083
Alfonso VI of Castile captures Toledo from Muslims,10/25/1083
Seljuk vizier Nizam al-Mulk establishes madrasas (Nizamiyya) across empire,12/22/1083
Henry IV crowned by anti-pope Clement III,03/31/1084
"Robert Guiscard sacks Rome, rescues Gregory VII",08/20/1084
"Pope Gregory VII flees Rome, calls on Robert Guiscard for help",10/14/1084
Zizhi Tongjian historical work compiled by Sima Guang,10/26/1084
"Alfonso VI of Leon captures Toledo, major Christian victory in Spain",05/25/1085
Pope Gregory VII dies in exile at Salerno,05/25/1085
"Robert Guiscard, Norman conqueror of Italy, dies",07/17/1085
Almoravid intervention in Spain begins,02/13/1086
Battle of Sagrajas - Almoravids defeat Alfonso VI of Castile,10/23/1086
Domesday Book compiled by order of William I,11/01/1086
"William the Conqueror dies at Rouen, England passes to William II",09/09/1087
William II Rufus becomes king of England,09/26/1087
"Pope Victor III elected, continues reform movement",12/21/1087
"Pope Urban II elected, key figure in First Crusade",03/12/1088
Shen Kuo makes first reference to magnetic compass,03/22/1088
Henry IV suppresses rebellion in Germany,05/17/1088
University of Bologna established,07/24/1088
Alexios I defeats Pechenegs in Balkans,01/22/1089
Georgia under David IV begins recovery from Seljuk domination,03/05/1089
Malik Shah I completes Seljuk conquest of Syria,06/26/1089
Almoravids complete takeover of Muslim Spain,02/08/1090
"Conrad, son of Henry IV, rebels against his father",02/14/1090
Hassan-i Sabbah establishes Assassins (Nizari Ismaili) at Alamut,04/03/1090
Almoravids take Granada,04/18/1091
Battle of Levounion - Alexios I defeats Pechenegs decisively,04/29/1091
Normans complete conquest of Sicily,10/02/1091
Seljuk Empire breaks into rival sultanates,02/07/1092
"Nizam al-Mulk, Seljuk vizier, assassinated by Assassins",10/14/1092
"Malik Shah I, Seljuk Sultan, dies - empire begins to fracture",11/19/1092
Anselm of Canterbury becomes Archbishop of Canterbury,11/09/1093
Seljuk civil wars begin after Malik Shah's death,11/09/1093
Malcolm III of Scotland killed in England,11/13/1093
Pope Urban II enters Rome,01/07/1094
El Cid (Rodrigo Diaz de Vivar) captures Valencia from Moors,01/28/1094
Byzantine Emperor Alexios I loses much of Anatolia to Seljuks,05/25/1094
El Cid conquers Valencia,10/18/1094
Pope Urban II calls First Crusade,01/01/1095
People's Crusade - Peter the Hermit leads masses toward Jerusalem,05/01/1095
Alexios I appeals to Pope for military help against Seljuks,09/12/1095
Crusaders defeat Seljuks at Battle of Nicaea,02/24/1096
People's Crusade massacres Jews in Rhine Valley,07/28/1096
First Crusade departs from Europe,08/15/1096
University of Oxford holds first lectures,09/05/1096
Crusaders capture Nicaea from Seljuks,06/19/1097
Battle of Dorylaeum - Crusaders defeat Seljuk Turks,07/01/1097
Crusaders begin siege of Antioch,10/21/1097
"County of Edessa established, first Crusader state",01/11/1098
Principality of Antioch founded,01/21/1098
County of Edessa (First Crusader state) founded,04/15/1098
Battle of the Lance - Crusaders defeat Kerbogha at Antioch,06/28/1098
Siege of Antioch during First Crusade,10/27/1098
Kingdom of Jerusalem founded,04/26/1099
"Crusaders capture Jerusalem, First Crusade concludes",07/15/1099
Godfrey of Bouillon becomes first ruler of Kingdom of Jerusalem,07/22/1099
Battle of Ascalon - Crusaders defeat Fatimid Egypt,08/12/1099
Siege of Jerusalem by European Crusaders,10/15/1099
"William II of England killed in hunting accident, Henry I becomes king",08/02/1100
Henry I crowned King of England,08/05/1100
Firearms invented,08/29/1100
Henry I of England issues Charter of Liberties,11/01/1100
Baldwin of Boulogne crowned first King of Jerusalem,12/25/1100
Roger I of Sicily dies,06/22/1101
Treaty of Alton signed between Henry I of England and Robert of Normandy,07/21/1101
Baldwin I of Jerusalem defeats Egyptians at Ramleh,09/07/1101
"Crusade of 1101 fails, armies destroyed by Seljuks in Anatolia",09/20/1101
Bohemia becomes a duchy under Holy Roman Empire,03/12/1102
County of Tripoli founded,05/13/1102
Baldwin I of Jerusalem defeats Egyptians again at Second Battle of Ramleh,05/17/1102
Crusaders lose Battle of Ramleh to Fatimids,05/17/1102
Alexios I Byzantine Emperor campaigns in Asia Minor,01/25/1103
Crusader principality of Antioch established under Bohemond,01/29/1103
Magnus Barelegs of Norway killed in Ireland,08/24/1103
Venice attacks Byzantine islands at instigation of Normans,04/30/1104
Bohemond I of Antioch captured at Harran,05/07/1104
Battle of Harran - Crusaders suffer major defeat against Muslims,05/07/1104
"Henry IV abdicates as Holy Roman Emperor, Henry V succeeds",02/06/1105
Almoravid ruler Yusuf ibn Tashfin dies,09/02/1105
Crusaders take Acre,10/15/1105
Henry V crowned King of Germany,02/03/1106
Crusaders in Syria consolidate holdings,08/03/1106
Battle of Tinchebray - Henry I of England defeats Duke Robert of Normandy,09/28/1106
Crusaders raid as far as Mesopotamia,03/19/1107
"Scotland: King Edgar dies, Alexander I succeeds",04/19/1107
Investiture Controversy continues between Henry V and Pope Paschal II,11/23/1107
Treaty of Deabolis ends Norman-Byzantine war,07/22/1108
Louis VI becomes king of France,08/03/1108
Tancred becomes regent of Antioch,12/20/1108
El Cid's widow Jimena surrenders Valencia to Almoravids,05/08/1109
Alfonso VI of Castile dies,07/01/1109
"Crusaders capture Tripoli, establish County of Tripoli",07/12/1109
Henry V invades Italy to confront Pope Paschal II,11/21/1110
Crusaders capture Sidon and Beirut,11/25/1110
Norwegian Crusade of Sigurd I visits Jerusalem,12/10/1110
"Pope Paschal II captured by Henry V, Concordat of Sutri signed",02/12/1111
Henry V crowned Holy Roman Emperor by coerced Pope Paschal II,04/13/1111
Sigurd I of Norway visits Constantinople and Jerusalem,10/27/1111
Alfonso I of Aragon marries Urraca of Castile,01/10/1112
Almohad movement founded by Ibn Tumart in Morocco,07/03/1112
Concordat of Sutri repudiated by Lateran Council,08/15/1112
Vladimir Monomakh becomes Grand Prince of Kiev,01/21/1113
Ibn Tumart begins preaching Almohad doctrine,06/17/1113
Order of the Knights Hospitaller founded,12/14/1113
Crusaders defeated at Battle of Sennabra,02/01/1114
Earthquake in Syria damages Crusader cities,07/28/1114
"Matilda, daughter of Henry I, married to Holy Roman Emperor Henry V",12/26/1114
Henry V and Pope Paschal II continue Investiture dispute,03/24/1115
Jurchen Jin dynasty founded by Wanyan Aguda in Manchuria,07/17/1115
"Bernard of Clairvaux founds Clairvaux Abbey, Cistercian growth",09/03/1115
Byzantine Emperor Alexios I defeats Seljuks at Battle of Philomelion,01/09/1116
Peter Abelard begins teaching theology in Paris,09/30/1116
Crusaders raid toward Damascus,11/27/1116
"Pope Paschal II dies, Gelasius II elected",02/01/1117
"Alexios I Komnenos, Byzantine Emperor, dies",11/08/1117
Battle of Shaizar - Crusaders defeat Seljuks,11/22/1117
Knights Templar founded in Jerusalem,02/03/1118
Henry I of England takes Normandy from brother Robert,02/07/1118
"Alexios I Komnenos dies, John II Komnenos becomes Byzantine Emperor",08/15/1118
"Callistus II becomes pope, Investiture Controversy nears end",02/02/1119
Battle of Ager Sanguinis (Field of Blood) - Crusaders badly defeated,06/28/1119
Order of Knights Templar officially founded,09/13/1119
Concordat of Nablus - laws established for Crusader kingdom,05/16/1120
Jin dynasty under Wanyan Aguda destroys Liao dynasty,11/20/1120
"White Ship disaster - William Adelin, heir to Henry I, drowns",11/25/1120
David IV of Georgia liberates Tbilisi from Muslims,03/20/1121
Battle of Didgori - King David IV of Georgia defeats Seljuks,08/12/1121
Council of Soissons condemns Peter Abelard's theological views,10/09/1121
Concordat of Worms ends Investiture Controversy,09/23/1122
Birth of Eleanor of Aquitaine,10/16/1122
John II Komnenos defeats Pechenegs,12/08/1122
First Lateran Council - first ecumenical council in Rome,03/18/1123
Baldwin II of Jerusalem captured by Seljuks,05/14/1123
Venetian Crusade helps capture Tyre,12/16/1123
Baldwin II of Jerusalem ransomed and released,05/28/1124
"Henry V, Holy Roman Emperor, dies without heir",06/12/1124
Crusaders capture Tyre with Venetian naval help,07/07/1124
John II Komnenos campaigns against Hungarians,01/10/1125
Lothair III elected Holy Roman Emperor,04/28/1125
"Henry V, Holy Roman Emperor, dies - Salian dynasty ends",05/23/1125
Song China pays tribute to Jin dynasty after military defeats,07/09/1126
Jurchen Jin dynasty captures the Liao capital,07/20/1126
Alfonso VII of Castile and Leon begins reign,12/23/1126
Jin dynasty captures Northern Song capital Kaifeng,01/26/1127
"Southern Song dynasty established, capital moves to Hangzhou",06/03/1127
Song Emperor Huizong and Qinzong captured by Jin - Jingkang Incident,06/14/1127
Jurchen Jin dynasty conquers northern China,12/26/1127
Knights Templar receive formal recognition at Council of Troyes,01/13/1128
Alfonso Henriques defeats Moors and founds Portugal,05/11/1128
"Matilda, daughter of Henry I, becomes Countess of Anjou by marrying Geoffrey",11/14/1128
Order of Aviz founded in Portugal,01/13/1129
Crusaders besiege Damascus unsuccessfully,08/05/1129
Imad ad-Din Zengi becomes ruler of Mosul and Aleppo,11/24/1129
Bernard of Clairvaux supports Innocent II against Anacletus,01/22/1130
Schism - Innocent II and Anacletus II both claim papacy,04/07/1130
Roger II unifies Norman Sicily and southern Italy into Kingdom of Sicily,12/25/1130
"Baldwin II of Jerusalem dies, Fulk of Anjou becomes king",05/07/1131
Pope Anacletus II vs Pope Innocent II schism continues,07/19/1131
Almohad movement conquers much of Morocco,07/26/1131
Lothair III defeats Hohenstaufen rivals in Germany,01/31/1132
Song China under Gaozong stabilizes Southern Song,02/20/1132
Battle of Nocera - Roger II defeats papal forces,12/31/1132
Bernard of Clairvaux preaches throughout Europe for Innocent II,05/12/1133
Al-Idrisi begins work on geography for Roger II of Sicily,05/13/1133
Lothair III crowned Holy Roman Emperor by Pope Innocent II,06/04/1133
Battle of Fraga - Alfonso I of Aragon killed fighting Almoravids,07/17/1134
"Alfonso I of Aragon dies without heir, Aragon and Navarre separate",09/27/1134
Ramiro II of Aragon briefly becomes monk-king,10/19/1134
King Stephen of England crowned,04/06/1135
Stephen of Blois seizes English throne despite oath to Matilda,05/15/1135
Moses Maimonides born in Cordoba,10/02/1135
"Henry I of England dies, civil war (The Anarchy) begins",12/01/1135
Zengi captures Atharib from Crusaders,08/09/1136
English civil war (The Anarchy) intensifies,09/04/1136
Geoffrey of Monmouth writes Historia Regum Britanniae,09/23/1136
Roger II of Sicily gains control of Capua and Naples,01/23/1137
"Louis VII becomes king of France, marries Eleanor of Aquitaine",08/01/1137
"Lothair III, Holy Roman Emperor, dies",12/04/1137
Conrad III elected first Hohenstaufen Holy Roman Emperor,02/01/1138
Second Lateran Council condemns the schism,05/31/1138
Battle of the Standard - England defeats Scotland,08/22/1138
Kingdom of Portugal founded,01/10/1139
Second Lateran Council resolves papal schism,04/16/1139
Battle of Ourique - Portuguese defeat Almoravids,07/25/1139
"Portugal recognized as kingdom, Alfonso Henriques first king",08/04/1139
Peter Abelard condemned at Council of Sens,03/24/1140
Zengi captures Edessa region forts from Crusaders,07/12/1140
Conrad III of Germany launches campaign against Bavaria,11/14/1140
Battle of Lincoln - Empress Matilda captures King Stephen,02/02/1141
Prester John legend begins circulating in Europe,11/03/1141
Matilda briefly rules England as Lady of the English,11/23/1141
"John II Komnenos dies, Manuel I Komnenos becomes Byzantine Emperor",04/08/1142
Peter Abelard dies after condemnation,04/21/1142
Zengi consolidates power in Mosul and Aleppo,07/11/1142
Afonso I of Portugal defeats Moors at Battle of Ourique,05/05/1143
"Empress Matilda withdraws from England, Stephen regains control",07/21/1143
Roger II of Sicily's admiral captures Corfu from Byzantines,09/10/1143
Bernard of Clairvaux preaches Second Crusade,05/21/1144
Pope Eugene III calls Second Crusade in response,10/03/1144
"Zengi captures Edessa, first Crusader state to fall",12/24/1144
Bernard of Clairvaux begins preaching Second Crusade,07/23/1145
Almohad dynasty begins conquest of Iberian Peninsula,10/26/1145
Pope Eugene III issues Quantum Predecessores calling Second Crusade,12/01/1145
"Nur ad-Din, son of Zengi, takes over Aleppo",04/25/1146
Zengi assassinated by his own slaves,09/14/1146
Almohads take Marrakech from Almoravids,06/06/1147
Crusaders attack Damascus but fail to take it,07/09/1147
Almohad dynasty defeats Almoravids in Morocco,09/04/1147
Second Crusade departs from Europe,09/23/1147
Second Crusade launched,12/27/1147
Second Crusade siege of Damascus fails completely,07/15/1148
Roger II of Sicily raids Byzantine Greece,09/26/1148
Battle of Dorylaeum - Crusaders defeated by Seljuks,11/19/1148
Nur ad-Din defeats Crusader prince Raymond of Antioch,06/29/1149
Church of the Holy Sepulchre in Jerusalem rebuilt by Crusaders,08/05/1149
Second Crusade ends in failure,10/19/1149
University of Paris begins to form from cathedral schools,01/12/1150
Angkor Wat built in Cambodia,03/06/1150
Medieval Warm Period peaks,04/05/1150
Eleanor of Aquitaine's marriage to Louis VII annulled,04/22/1150
University of Paris established,06/12/1150
Almohad empire expands to control most of North Africa and Muslim Spain,12/27/1150
"Geoffrey of Anjou dies, Henry inherits Anjou and Normandy",09/07/1151
Eleanor of Aquitaine divorced from Louis VII of France,10/17/1151
Frederick Barbarossa becomes Duke of Swabia,04/07/1152
Eleanor of Aquitaine marries Henry Plantagenet (future Henry II of England),05/18/1152
David I of Scotland dies,05/24/1153
Treaty of Wallingford ends English civil war - Stephen to be succeeded by Henry,11/21/1153
Frederick Barbarossa elected king of Germany,12/21/1153
Anarchy ends in England - Henry II crowned,05/15/1154
Kingdom of Bosnia founded,09/16/1154
King Stephen of England dies,10/25/1154
Pope Adrian IV (first English pope) elected,12/04/1154
"Henry II becomes king of England, Plantagenet dynasty begins",12/19/1154
Henry II begins restructuring English government and law,04/16/1155
Frederick Barbarossa crowned Holy Roman Emperor by Pope Adrian IV,06/18/1155
Arnold of Brescia executed for leading Roman republic revolt,06/18/1155
Treaty of Benevento - Barbarossa recognizes Roger's kingdom,01/26/1156
Henry the Lion restored as Duke of Bavaria,09/15/1156
Austria becomes a duchy under the Privilegium Minus,09/17/1156
Battle of Lena - Denmark defeats Sweden,06/12/1157
Richard I of England born (the Lionheart),09/08/1157
Frederick Barbarossa defeats Poland,11/20/1157
Henry II of England campaigns in Wales,03/11/1158
Almohad caliph Abd al-Mumin completes conquest of North Africa,06/29/1158
"Frederick Barbarossa issues Roncaglia Decrees, asserting imperial rights in Italy",11/11/1158
Thomas Becket becomes Chancellor of England,04/21/1159
"Frederick Barbarossa supports anti-pope, opposes Alexander III",06/16/1159
"Pope Alexander III vs anti-pope Victor IV, new schism",09/07/1159
Almohad persecution of Christians and Jews in North Africa,03/08/1160
Nur ad-Din captures Crusader fortress of Banias,11/17/1160
Henry II reforms English law with Constitutions of Clarendon,11/25/1160
Manuel I Komnenos campaigns against Hungarian and Serbian kingdoms,07/15/1161
Song China repels Jin dynasty invasion,09/07/1161
Battle of Caishi - Southern Song defeats Jin navy,12/28/1161
Thomas Becket becomes Archbishop of Canterbury,01/13/1162
Frederick Barbarossa destroys Milan as punishment,03/01/1162
Genghis Khan born (approximate),07/24/1162
Notre-Dame Cathedral construction begins in Paris,03/07/1163
Nur ad-Din invades Crusader Kingdom of Jerusalem,03/07/1163
Council of Tours condemns Cathar heresy,09/11/1163
Thomas Becket flees to France to escape Henry II,01/21/1164
"Constitutions of Clarendon - Henry II limits church powers, Becket flees",05/16/1164
Battle of Harim - Nur ad-Din defeats Crusaders and Byzantines,08/12/1164
Fatimid caliph Al-Adid last significant ruler in Egypt,02/01/1165
William I of Scotland becomes king,09/24/1165
John of Salisbury writes Policraticus on political theory,12/05/1165
Henry II campaigns in Ireland and Brittany,04/17/1166
Kilij Arslan II consolidates Seljuk power in Anatolia,08/24/1166
Assize of Clarendon - Henry II restructures English common law,10/05/1166
"Plague devastates Barbarossa's army in Italy, forces withdrawal",05/07/1167
University of Oxford established,05/10/1167
Frederick Barbarossa besieges Rome,07/20/1167
Lombard League formed - Italian city-states unite against Barbarossa,08/10/1167
Amalric I of Jerusalem invades Egypt,05/15/1168
Saladin arrives in Egypt as Shirkuh's lieutenant,09/24/1168
"Shirkuh, uncle of Saladin, becomes vizier of Fatimid Egypt",10/01/1168
Amalric I of Jerusalem fails to take Damietta,01/02/1169
Saladin becomes vizier of Egypt after Shirkuh dies,03/23/1169
"Normans and Crusaders jointly attack Egypt, fail at Damietta",08/17/1169
Henry II's sons rebel against him,09/25/1170
Saladin consolidates power in Egypt,11/29/1170
"Thomas Becket, Archbishop of Canterbury, murdered in cathedral",12/29/1170
Murder of Thomas Becket,12/29/1170
Amalric I of Jerusalem visits Byzantine Constantinople,03/21/1171
Henry II of England invades Ireland,06/09/1171
Ayyubid dynasty founded,06/13/1171
"Saladin abolishes Fatimid Caliphate, Egypt returns to Sunni Islam",09/10/1171
Henry II recognized as Lord of Ireland,02/24/1172
Pope Alexander III forces Henry II to do penance for Becket's murder,06/30/1172
Saladin becomes Sultan of Egypt and Syria,12/05/1172
Ibn Rushd (Averroes) writes commentaries on Aristotle in Cordoba,01/16/1173
Eleanor of Aquitaine captured by Henry II while supporting sons' revolt,07/14/1173
Revolt of Henry II's sons and wife Eleanor,09/09/1173
Saladin invades Crusader Kingdom after Nur ad-Din dies,03/18/1174
"Nur ad-Din, ruler of Syria, dies",05/15/1174
William I of Scotland captured by Henry II at Battle of Alnwick,07/13/1174
Ghurid Empire invades Indian subcontinent,01/07/1175
Treaty of Windsor - Henry II acknowledges Rory O'Connor as High King of Ireland,02/05/1175
Almohad empire reaches peak territorial extent in Iberia,05/02/1175
Saladin defeats Crusaders at Battle of the Horns of Hama,11/03/1175
Battle of Legnano - Lombard League defeats Frederick Barbarossa,05/29/1176
Saladin consolidates control over Syria,07/17/1176
Battle of Myriokephalon - Seljuks defeat Byzantines decisively,09/17/1176
Saladin's first major defeat by the Crusaders,03/19/1177
Peace of Venice - Barbarossa recognizes Pope Alexander III,07/24/1177
Battle of Montgisard - Crusaders defeat Saladin,11/25/1177
"Saladin marries Nur ad-Din's widow, claims legitimacy over Syria",03/20/1178
Frederick Barbarossa crowned king of Burgundy at Arles,07/18/1178
Baldwin IV the Leper king rules Jerusalem,12/09/1178
Third Lateran Council - Pope Alexander III strengthens reform,03/05/1179
Battle of Marj Ayyun - Saladin defeats Crusaders,06/10/1179
"Hildegard of Bingen, German mystic and composer, dies",09/17/1179
Andronikos I Komnenos begins civil war in Byzantine Empire,05/27/1180
Philip II Augustus becomes king of France,09/18/1180
Louis VII of France dies,09/18/1180
Francis of Assisi born,03/24/1181
Saladin captures several Crusader fortresses in Jordan,08/16/1181
Pope Alexander III dies,08/30/1181
Andronikos I Komnenos orchestrates massacre of Latins in Constantinople,04/19/1182
Saladin's raids into Crusader territory intensify,05/01/1182
Philip II expels Jews from France,06/09/1182
Baldwin V becomes king of Jerusalem (child),03/24/1183
"Saladin captures Aleppo, unifies Syria and Egypt",05/27/1183
Peace of Constance - Barbarossa recognizes Lombard cities' autonomy,06/25/1183
Henry the Lion exiled by Frederick Barbarossa,01/12/1184
Baldwin IV the Leper king of Jerusalem dies,02/25/1184
Andronikos I Komnenos executes rivals in Byzantine Empire,09/13/1184
Second Bulgarian Empire established under Asen brothers,03/16/1185
Normans from Sicily sack Thessaloniki,07/19/1185
"Andronikos I Komnenos overthrown and killed, Isaac II Angelos becomes emperor",09/12/1185
Saladin defeats Guy of Lusignan at Battle of Cresson,03/13/1186
Delhi Sultanate precursor established under Muhammad Ghori,06/18/1186
Bulgaria re-established as independent state,07/29/1186
Guy of Lusignan becomes king of Jerusalem,09/19/1186
Saladin captures Jerusalem,07/15/1187
Pope Gregory VIII calls Third Crusade after fall of Jerusalem,10/29/1187
Saladin consolidates control over most of Holy Land,02/05/1188
"Frederick Barbarossa, Philip II, and Richard I take the Cross for Third Crusade",06/19/1188
Henry II of England and Philip II at war over inheritance,08/03/1188
Richard I (Lionheart) crowned King of England,01/14/1189
Genghis Khan unifies Mongol tribes,07/29/1189
Siege of Acre begins - Crusaders besiege Saladin-held Acre,08/28/1189
Third Crusade begins,10/09/1189
Massacre of York - Jewish community destroyed in England,03/16/1190
Frederick Barbarossa drowns in Saleph River during Third Crusade,06/10/1190
Richard I of England and Philip II of France begin crusade,11/23/1190
Holy Roman Empire - Frederick Barbarossa drowned on Crusade,11/28/1190
Richard I captures Cyprus from Byzantine ruler Isaac Komnenos,06/16/1191
Acre falls to Crusaders after long siege,07/12/1191
Battle of Arsuf - Richard I defeats Saladin,09/07/1191
Kamakura Shogunate established in Japan,02/28/1192
"Third Crusade ends, Jerusalem remains in Muslim hands",08/30/1192
Richard I and Saladin sign Treaty of Jaffa,09/02/1192
Treaty of Jaffa ends Third Crusade,09/21/1192
Richard I captured by Duke Leopold of Austria while returning home,12/21/1192
Richard I held prisoner by Holy Roman Emperor Henry VI,03/01/1193
"Saladin dies, Ayyubid kingdom divided among his successors",03/04/1193
Delhi Sultanate founded by Qutb al-Din Aibak,03/20/1193
Richard I ransomed and released from imperial captivity,02/04/1194
Henry VI of Germany conquers Kingdom of Sicily,10/27/1194
Frederick II born (future Holy Roman Emperor),12/26/1194
Sultanate of Rum founded,12/28/1194
Battle of Alarcos - Almohads defeat Alfonso VIII of Castile,07/19/1195
Celestine III as pope negotiates Richard I's release,11/30/1195
Isaac II Angelos deposed by his brother Alexios III in Byzantium,12/17/1195
Richard I builds Chateau Gaillard to defend Normandy from France,02/17/1196
"Henry VI demands Crusade, plans to conquer Byzantine Empire",05/23/1196
Amalric II becomes king of Cyprus and Jerusalem,08/23/1196
Teutonic Knights founded during siege of Acre,08/01/1197
"Henry VI, Holy Roman Emperor, dies unexpectedly in Sicily",09/28/1197
German civil war for throne begins between Hohenstaufen and Welfs,10/04/1197
"Pope Innocent III elected, most powerful medieval pope",01/08/1198
Richard I of England killed at siege of Chalus,01/14/1198
"Averroes (Ibn Rushd), Islamic philosopher, dies",12/11/1198
"Richard I (Lionheart) dies, John becomes king of England",04/06/1199
Battle of Courcelles - Philip II defeats John of England,06/04/1199
Innocent III launches crusade against Cathar heresy,06/15/1199
Treaty of Le Goulet - John of England cedes territory to France,05/30/1200
Fourth Crusade preparation begins under Pope Innocent III,08/14/1200
Nalanda University in India burned by Muhammad of Ghor,10/22/1200
Mongol tribes begin consolidating under Genghis Khan's rivals,02/23/1201
Fourth Crusade Venice contract signed,04/20/1201
Crusaders agree to attack Constantinople instead of Egypt,08/13/1201
Genghis Khan defeats rival Tatars in Mongolia,05/10/1202
Pope Innocent III protests the sack of Zara,05/22/1202
Battle of Basian - Kingdom of Georgia defeats Seljuks,07/27/1202
Battle of Mirebeau,08/01/1202
"Fourth Crusade departs, captures Zara for Venice",09/17/1202
Fibonacci introduces Liber Abaci,11/15/1202
Qutb al-Din Aibak captures Delhi for Muhammad of Ghor,01/26/1203
"Fourth Crusade diverted to Constantinople, Alexios IV restores Isaac II",03/26/1203
Alexios III flees Constantinople before Crusaders,05/20/1203
Philip II of France captures Normandy from England,07/22/1204
Latin Empire founded,08/03/1204
Byzantine Empire fragmented into successor states,08/12/1204
Islamization of Bengal begins under Bakhtiyar Khalji,09/16/1204
"Fourth Crusade sacks Constantinople, creates Latin Empire",12/19/1204
Battle of Adrianople - Bulgarians defeat Crusaders,04/14/1205
Nicaean Empire established by Byzantine Greeks,05/26/1205
Latin Empire of Constantinople established by Crusaders,08/09/1205
Qutb al-Din Aibak founds Delhi Sultanate independently,02/19/1206
Delhi Sultanate founded,02/27/1206
Genghis Khan proclaimed ruler of all Mongols at kurultai,04/30/1206
Delhi Sultanate established in India,06/09/1206
Genghis Khan declared Great Khan of the Mongols,08/24/1206
Francis of Assisi begins his religious mission,10/26/1206
Mongol Empire founded,11/11/1206
Pope Innocent III preaches crusade against Albigensian (Cathar) heresy,02/02/1207
"Muhammad of Ghor dies, Aibak becomes independent in India",06/21/1207
Rumi (Jalal al-Din Muhammad) born in Balkh,09/30/1207
"Peter of Castelnau, papal legate, assassinated - triggers crusade",01/15/1208
Pope Innocent III places France under interdict due to Philip II's marriage,03/08/1208
Albigensian Crusade begins in southern France,11/24/1208
Albigensian Crusade declared by Pope Innocent III,03/31/1209
Albigensian Crusade massacre at Beziers kills thousands,07/22/1209
Otto IV crowned Holy Roman Emperor,10/24/1209
Francis of Assisi receives approval for his order from Pope Innocent III,11/09/1209
Franciscan Order formally founded by Francis of Assisi,03/06/1210
Pope Innocent III excommunicates Otto IV,08/22/1210
Mongols begin raids into China under Genghis Khan,10/10/1210
Frederick II crowned king of Germany,03/06/1211
Genghis Khan invades Jin dynasty China,04/02/1211
Simon de Montfort leads Albigensian Crusade victories in France,05/26/1211
Battle of Las Navas de Tolosa - Christian Reconquista advances,04/15/1212
Frederick II crosses Alps to claim German throne,04/19/1212
Battle of Las Navas de Tolosa - Christians defeat Almohads decisively,07/16/1212
Children's Crusade - thousands of children head toward Holy Land,09/10/1212
Pope Innocent III calls Fifth Crusade,06/13/1213
Battle of Muret - Simon de Montfort defeats Aragon and Cathars,09/12/1213
Peter II of Aragon killed at Battle of Muret,09/12/1213
Battle of Bouvines - Philip II defeats Otto IV and English,07/27/1214
"Roger Bacon born, English friar and early scientist",09/30/1214
Frederick II recognized as Holy Roman Emperor by Philip II,10/26/1214
Magna Carta signed by King John at Runnymede,08/08/1215
Genghis Khan captures Beijing (Zhongdu) from Jin dynasty,11/07/1215
Fourth Lateran Council - major Church reform under Innocent III,11/11/1215
Dominican Order of Friars founded by Dominic de Guzman,06/21/1216
Pope Innocent III dies,07/16/1216
"King John of England dies, Henry III becomes king as child",10/19/1216
King Andrew II of Hungary leads Crusade,03/18/1217
Crusaders besiege Damietta in Egypt,04/02/1217
Fifth Crusade,04/13/1217
Fifth Crusade begins with attack on Egypt,05/05/1217
Kingdom of Serbia founded,06/19/1217
Genghis Khan begins invasion of Khwarazmian Empire,01/17/1218
Simon de Montfort killed at siege of Toulouse,06/25/1218
Crusaders capture Damietta in Egypt,08/28/1218
Francis of Assisi meets Sultan al-Kamil of Egypt during Crusade,04/28/1219
Battle of Damietta - Crusaders fail to advance,06/05/1219
"Mongols destroy Otrar, gateway city of Khwarezm",06/22/1219
"Fifth Crusade fails at Damietta, crusaders expelled from Egypt",03/20/1220
"Mongols sack Samarkand, Bukhara, and major Central Asian cities",04/07/1220
Kingdom of Mapungubwe established,10/01/1220
Mongol invasion of Khwarazmian Empire destroys Merv and Herat,05/27/1221
Genghis Khan conquers most of Khwarazmian Empire,07/12/1221
"Fifth Crusade ends in failure, Crusaders surrender at Damietta",09/06/1221
"Mongols cross the Indus River, raid India",09/22/1221
Genghis Khan's generals Subutai and Jebe raid the Caucasus,03/23/1222
Golden Bull of Hungary signed by Andrew II,04/19/1222
"Andrew II of Hungary issues Golden Bull, limiting royal power",05/12/1222
Battle of Kalka River - Mongols defeat Russians and Cumans,07/15/1222
Battle of the Kalka River - Mongols defeat Russian princes,03/28/1223
Philip II Augustus of France dies,07/14/1223
Frederick II founds University of Naples,02/28/1224
Francis of Assisi receives the stigmata,03/05/1224
"Fifth Crusade aftermath, negotiations for Jerusalem begin",07/13/1224
Tran dynasty of Vietnam established,05/30/1225
Al-Kamil of Egypt offers Jerusalem to Frederick II in negotiations,09/24/1225
Magna Carta reissued in final form,10/01/1225
Thomas Aquinas born,12/25/1225
Francis of Assisi dies,10/03/1226
Louis IX (Saint Louis) becomes king of France as child,11/08/1226
Louis VIII of France conquers much of southern France,11/10/1226
Pope Gregory IX elected,05/10/1227
Genghis Khan dies,05/30/1227
Frederick II excommunicated for delaying Crusade,06/28/1227
"Genghis Khan dies, Mongol Empire divided among sons",08/18/1227
Frederick II leads Sixth Crusade despite excommunication,01/01/1228
Ogedei Khan becomes Great Khan of the Mongols,07/14/1228
Sixth Crusade - Frederick II returns Jerusalem,10/31/1228
Frederick II negotiates return of Jerusalem diplomatically,11/04/1228
Ahom Kingdom founded,11/30/1228
"Treaty of Paris ends Albigensian Crusade, Cathars suppressed",02/17/1229
"Frederick II regains Jerusalem through diplomacy, crowns himself king",03/18/1229
University of Toulouse founded,10/10/1229
Mongol Empire begins expansion under Ogedei Khan,01/02/1230
Frederick II reconciled with Pope Gregory IX,01/06/1230
Kingdom of Castile and Leon reunited under Ferdinand III,03/21/1230
Emirate of Granada founded,11/07/1230
Frederick II promulgates Constitutions of Melfi,02/09/1231
Mongols invade Persia under Ogedei Khan,02/14/1231
"Anthony of Padua dies, canonized quickly after",06/13/1231
Pope Gregory IX establishes Papal Inquisition to fight heresy,09/07/1231
"Nasrid dynasty founded in Granada, last Muslim kingdom in Spain",02/15/1232
Rockets invented,04/03/1232
"Mongols besiege Kaifeng, capital of Jin dynasty",07/25/1232
Papal Inquisition established formally in Aragon,08/08/1232
Mongols invade Korea,08/30/1232
Pope Gregory IX orders burning of Talmud,01/01/1233
Dominican and Franciscan inquisitors appointed in Germany,04/03/1233
Mongols complete conquest of Jin dynasty northern China,05/06/1233
Mongols complete destruction of Jin dynasty,10/10/1234
"Frederick II issues Statute of the Princes, strengthening German princes",11/07/1234
Pope Gregory IX and Frederick II relations deteriorate,12/13/1234
"Battle of Kirina - Sundiata Keita defeats Sumanguru of Sosso, founds Mali Empire",01/29/1235
Mandinka kingdoms unite to form Mali Empire,03/15/1235
Frederick II issues law code for Sicily,07/28/1235
Mongols under Ogedei build capital Karakorum,09/14/1235
Mongols conquer Volga Bulgaria,01/20/1236
Grand Duchy of Lithuania founded,04/30/1236
Mongol invasion of Eastern Europe begins under Batu Khan and Subutai,06/21/1236
Ferdinand III of Castile captures Cordoba from Moors,06/29/1236
Mongol Empire conquers Kievan Rus,02/27/1237
"Teutonic Knights defeat Livonian Brothers, merge orders",09/25/1237
Pope Gregory IX declares crusade against Frederick II,11/15/1237
Mongols destroy Ryazan and begin conquest of Russia,12/22/1237
Sukhothai becomes capital of Sukhothai Kingdom,01/18/1238
Mongols sack Vladimir and destroy northern Russian principalities,02/25/1238
James I of Aragon captures Valencia from Moors,09/28/1238
Mongols reach Novgorod but turn back due to spring thaw,11/30/1238
Barons' War begins in England over Henry III's rule,01/17/1239
Frederick II excommunicated again by Pope Gregory IX,08/02/1239
Mongols campaign in the Caucasus region,10/12/1239
Mongols under Batu and Subutai invade Poland and Hungary,04/07/1240
Battle of the Neva - Alexander Nevsky defeats Swedish invasion,07/15/1240
"Mongols sack Kiev, destroying major Russian principality",12/06/1240
Battle of Legnica - Mongols defeat Polish-German forces,04/09/1241
Mongol Empire defeats Hungary at Battle of Mohi,09/22/1241
"Ogedei Khan dies, Mongol invasion of Europe halted",12/11/1241
Battle of Lake Peipus - Russians defeat Teutonic Knights,02/12/1242
Battle of the Ice - Alexander Nevsky defeats Teutonic Knights on frozen Lake Peipus,04/05/1242
Mongols withdraw from Central Europe after Ogedei's death,04/07/1242
Golden Horde founded,08/26/1242
Sainte-Chapelle construction begins in Paris,11/23/1242
Battle of Kose Dag - Mongols defeat Seljuk Sultanate of Rum,06/26/1243
Latin Empire of Constantinople weakens,07/09/1243
Guyuk elected Great Khan of Mongols,11/15/1243
"Cathar fortress Montsegur falls, Catharism effectively ended in France",03/16/1244
Khwarazmian Turks capture Jerusalem for last time from Crusaders,08/23/1244
Battle of La Forbie - Crusaders and Ayyubids defeated by Khwarazmians,10/17/1244
First Council of Lyon deposes Frederick II,07/17/1245
"Pope Innocent IV calls council at Lyon, condemning Frederick II",10/21/1245
Giovanni da Pian del Carpine sent as papal envoy to Mongol court,11/27/1245
Henry Raspe elected anti-king in Germany by pope's supporters,04/13/1246
Guyuk Khan dies after short reign as Great Khan,09/26/1246
"Giovanni da Pian del Carpine reaches Karakorum, meets Guyuk Khan",12/27/1246
Mongke Khan becomes Great Khan after Guyuk's death,01/13/1247
William of Holland elected anti-king in Germany,06/04/1247
Louis IX begins preparations for Seventh Crusade,11/25/1247
Louis IX departs on Seventh Crusade,08/25/1248
Cologne Cathedral construction begins,11/15/1248
Ferdinand III of Castile captures Seville from Moors,11/23/1248
Louis IX advances toward Cairo,02/06/1249
"Seventh Crusade lands in Egypt, captures Damietta",06/06/1249
Alexander II of Scotland dies,11/08/1249
"Battle of Al-Mansura - Louis IX's Crusade defeated, Louis captured",02/08/1250
Mamluk Sultanate founded,07/07/1250
Mamluk dynasty founded in Egypt,08/20/1250
Mamluk sultanate founded in Egypt by Turkish slave soldiers,08/30/1250
Death of Emperor Frederick II,12/13/1250
"Frederick II, Holy Roman Emperor, dies",12/13/1250
Shepherd's Crusade - French peasant uprising in support of Louis IX,01/09/1251
Mongke Khan consolidates control as Great Khan,01/14/1251
Louis IX ransomed and released from Egyptian captivity,10/31/1251
Pope Innocent IV authorizes torture in Inquisition proceedings,01/27/1252
Alfonso X the Wise begins reign in Castile,03/14/1252
"Conrad IV, son of Frederick II, becomes Holy Roman Emperor",05/12/1252
William of Rubruck reaches Karakorum as envoy of Louis IX,07/05/1253
Pope Innocent IV returns to Rome from exile in France,09/25/1253
"Louis IX in the Holy Land, rebuilds Acre and Caesarea",11/17/1253
"Conrad IV dies, Conradin last Hohenstaufen heir",05/21/1254
Great Interregnum begins in Holy Roman Empire,11/04/1254
Louis IX returns to France from Crusade,12/29/1254
Thomas Aquinas begins teaching at University of Paris,01/07/1255
Mongols under Hulagu begin campaign to destroy Assassins,05/27/1255
Henry III of England accepts Sicily for his son Edmund,09/07/1255
Ilkhanate founded,03/10/1256
Assassin order effectively eliminated by Mongols,12/01/1256
Mongols destroy Assassin fortress at Alamut,12/21/1256
Hulagu Khan prepares to attack Baghdad,01/09/1257
Alfonso X of Castile also claims Holy Roman Empire,07/10/1257
Sultanate of Ternate established in Maluku,09/03/1257
Richard of Cornwall elected as anti-emperor in Holy Roman Empire,10/02/1257
Provisions of Oxford limit Henry III's power in England,02/01/1258
Abbasid Caliphate ends after 500 years,02/04/1258
"Mongols under Hulagu sack Baghdad, execute last Abbasid Caliph",02/13/1258
Mongols use rockets to capture Baghdad,02/15/1258
Baghdad captured and destroyed by Mongols,02/15/1258
Treaty of Paris signed between France and England,03/01/1259
"Treaty of Paris - Louis IX cedes Normandy to France, gets Aquitaine",05/14/1259
Kubilai Khan and Ariq Boke compete for Great Khan title,06/03/1259
Mongke Khan dies during siege of Diaoyu Fortress in China,08/11/1259
"Nicaean Emperor Michael VIII defeats Latin Empire, recaptures Constantinople",02/05/1260
Kublai Khan becomes Great Khan of Mongols,02/23/1260
Battle of Ain Jalut - Mongols defeated by Egyptians,05/24/1260
"Battle of Ain Jalut - Mamluks defeat Mongols, halting their expansion",09/03/1260
Byzantines under Michael VIII retake Constantinople,03/15/1261
Latin Empire of Constantinople ends,05/19/1261
Mamluk Sultan Baybars begins reconquering Crusader territories,09/11/1261
Iceland brought under Norwegian rule,04/22/1262
"Haakon IV of Norway dies, Magnus VI succeeds",06/25/1262
Kublai Khan moves Mongol capital to Dadu (Beijing),12/08/1262
Simon de Montfort's rebellion against Henry III grows,02/21/1263
Pope Urban IV establishes Corpus Christi feast,09/26/1263
"Battle of Largs - Norway vs Scotland, leads to cession of Hebrides",10/02/1263
Battle of Lewes - Simon de Montfort defeats Henry III,05/14/1264
Simon de Montfort effectively rules England,05/14/1264
Pope Urban IV dies,10/02/1264
Thomas Aquinas begins writing Summa Theologiae,01/18/1265
Edward I (future king) defeats and kills Simon de Montfort,05/09/1265
Dante Alighieri born in Florence,05/14/1265
"Battle of Evesham - Simon de Montfort killed, Henry III restored",08/04/1265
"Battle of Benevento - Charles of Anjou kills Manfred, takes Sicily",02/26/1266
Charles of Anjou becomes king of Sicily and Naples,12/16/1266
Baybars conquers Caesarea and Arsuf from Crusaders,12/22/1266
Baybars takes Jaffa and Beaufort from Crusaders,01/27/1267
Kublai Khan's campaign against Song China intensifies,02/27/1267
"Gregory X elected pope, calls Council of Lyon",12/31/1267
"Principality of Antioch, Crusader state, ends",01/03/1268
Baybars captures Antioch from Crusaders,05/18/1268
"Conradin, last Hohenstaufen, executed by Charles of Anjou",10/29/1268
Fall of Antioch to Egyptians,12/12/1268
Marco Polo's father and uncle first visit Kublai Khan,03/14/1269
Kublai Khan consolidates Yuan dynasty in China,05/04/1269
Louis IX prepares Eighth Crusade,09/06/1269
Goryeo dynasty repels Jurchen attacks,08/04/1270
Louis IX dies at Tunis on Eighth Crusade,08/25/1270
Kublai Khan proclaims Yuan dynasty in China,03/09/1271
Marco Polo begins journey to China,08/22/1271
Ninth Crusade begins under Edward I of England,10/20/1271
Yuan (Mongol) dynasty founded,11/01/1271
"Gregory X elected pope, works for church reunion",03/16/1272
"Henry III of England dies, Edward I becomes king",11/16/1272
Baybars captures Crusader fortress of Montfort,11/25/1272
Second Council of Lyon attempts reunion of Catholic and Orthodox churches,09/11/1273
"Rudolf of Habsburg elected Holy Roman Emperor, ends Great Interregnum",10/01/1273
Thomas Aquinas completes Summa Theologica,11/19/1273
Thomas Aquinas dies,03/07/1274
First Mongol invasion of Japan repelled,07/06/1274
Second Council of Lyon - temporary reunion of Catholic and Orthodox churches,10/17/1274
Roger Bacon imprisoned by Franciscans for unorthodox views,11/27/1274
Baybars defeats Mongols again at Battle of Abulustayn,01/18/1275
Edward I's Statute of Westminster reorganizes English law,02/03/1275
Marco Polo arrives at Kublai Khan's court,02/12/1275
"Rudolf of Habsburg defeats Ottokar II, seizes Austria",04/22/1276
Genoa and Venice at war over trade routes,11/07/1276
"Pope Innocent V, Adrian V, and John XXI all elected in single year",12/09/1276
Battle of Primrose Hill - Edward I defeats Llywelyn of Wales,01/13/1277
Archbishop of Canterbury condemns Aristotelian philosophy,02/11/1277
Mamluk Sultan Baybars dies,07/01/1277
"Ottokar II of Bohemia killed, Austria comes to Habsburgs",06/12/1278
Battle of Marchfeld - Rudolf of Habsburg defeats Ottokar II of Bohemia,08/26/1278
Charles of Anjou organizes crusade against Byzantines,09/14/1278
Last Song emperor drowns at Battle of Yamen,03/19/1279
Chola Dynasty ends in Southern India,08/10/1279
Kublai Khan completes conquest of Southern Song China,08/29/1279
Mamluk Sultan Qalawun begins reign,11/27/1279
Song dynasty ends after Battle of Yamen,12/02/1279
Pope Nicholas III elected,08/10/1280
"Albertus Magnus, Dominican scholar and teacher of Aquinas, dies",11/15/1280
Second Mongol invasion of Japan repelled,04/17/1281
Mongol fleet for invasion of Japan destroyed by typhoon (kamikaze),08/03/1281
Sicilian Vespers precursors - anti-French tension in Sicily grows,08/08/1281
Aragon acquires Sicily after Sicilian Vespers,02/09/1282
Sicilian Vespers - massacre of French in Sicily triggers rebellion,03/30/1282
Peter III of Aragon takes Sicily from Charles of Anjou,08/06/1282
"Llywelyn ap Gruffudd, last Prince of Wales, killed by English",12/11/1282
War of the Sicilian Vespers continues between Aragon and France,03/28/1283
Grand Duchy of Moscow founded,04/14/1283
Edward I completes conquest of Wales,08/25/1283
Kublai Khan fails to conquer Vietnam,11/06/1283
Philip IV the Fair becomes king of France (as child),02/10/1284
"Pisa defeated by Genoa at Battle of Meloria, Pisan power broken",08/06/1284
Battle of Les Formigues - Aragonese navy defeats French,11/02/1284
Charles of Salerno becomes Charles II of Naples,01/15/1285
Philip III of France dies on crusade against Aragon,11/18/1285
"Alexander III of Scotland dies falling from horse, succession crisis",03/18/1286
Qalawun captures Latakia from Crusaders,11/23/1286
Edward I attempts to settle Scottish succession,12/07/1286
Pope Nicholas IV becomes first Franciscan pope,03/14/1287
"Battle of Kili - Mongols defeat Delhi Sultanate, then withdraw",05/19/1287
Mongol invasion of Burma destroys Pagan kingdom,09/14/1287
Osman I founds Ottoman principality in Anatolia,01/01/1288
Kublai Khan's forces invade Java,05/30/1288
County of Tripoli falls to Mamluks,01/26/1289
Nicholas IV sends mission to China and Persia,01/29/1289
"County of Tripoli, last remaining Crusader county, destroyed",04/06/1289
"Qalawun captures Tripoli, Crusader County of Tripoli falls",04/26/1289
"Qalawun dies, al-Ashraf Khalil becomes Mamluk Sultan",02/11/1290
Edict of Expulsion - Jews expelled from England,02/25/1290
Edward I expels Jews from England,07/18/1290
"Margaret of Norway, heir to Scotland, dies",09/26/1290
Crusader Kingdom of Jerusalem ends,03/10/1291
Fall of Acre - last major Crusader city falls to Mamluks,05/18/1291
Acre falls to Mamluks - end of Kingdom of Jerusalem,07/07/1291
Swiss Confederation founded (traditional date),08/01/1291
"Swiss Confederation of Uri, Schwyz, and Unterwalden forms",11/19/1291
King Mangrai founds the Lanna kingdom,01/24/1292
Marco Polo visits Sumatra on voyage from China,05/28/1292
"Roger Bacon, English friar and scientist, dies",07/02/1292
John Balliol chosen king of Scotland by Edward I,11/17/1292
"Kublai Khan dies, Yuan dynasty continues under successors",11/22/1292
Mongol attempt to conquer Java fails,05/12/1293
Temur Khan becomes Yuan emperor of China,06/04/1293
Mongol invasion of Java,06/12/1293
"Kublai Khan dies, Yuan dynasty weakens",07/16/1293
Majapahit kingdom founded in eastern Java,11/10/1293
"Kublai Khan, founder of Yuan dynasty, dies",02/18/1294
Pope Celestine V resigns papacy after 5 months,12/13/1294
"Boniface VIII becomes pope, asserts extreme papal power",12/24/1294
Marco Polo returns to Venice from China,02/02/1295
Scotland and France form Auld Alliance against England,03/08/1295
Model Parliament - Edward I's parliament includes commoners,12/20/1295
Battle of Dunbar - Edward I defeats Scots,04/27/1296
First War of Scottish Independence begins,06/01/1296
Pope Boniface VIII issues Clericis laicos against taxation of clergy,09/20/1296
"Edward I invades Scotland, captures Stone of Destiny",11/07/1296
William Wallace emerges as Scottish resistance leader,01/13/1297
Philip IV of France and Edward I temporarily reconciled,03/26/1297
Battle of Stirling Bridge - William Wallace defeats English,09/11/1297
Movable type printing invented by Wang Zhen,05/07/1298
Marco Polo writes account of his travels while prisoner in Genoa,05/21/1298
Battle of Falkirk - Edward I defeats William Wallace,07/22/1298
Battle of Curzola - Genoa defeats Venice,09/07/1298
Osman I begins expansion of Ottoman state in Anatolia,01/08/1299
Mamluk-Mongol wars continue in Syria,01/24/1299
Ottoman Empire established under Osman I,03/17/1299
Ottoman Empire founded,07/08/1299
Battle of Wadi al-Khaznadar - Mongols temporarily take Damascus,12/22/1299
Pope Boniface VIII declares first Jubilee year,02/15/1300
Osman I expands Ottoman principality in northwest Anatolia,02/28/1300
Dante begins writing the Divine Comedy,03/13/1300
Old Swiss Confederacy founded,09/10/1300
Edward I's son crowned Prince of Wales,02/07/1301
Osman I defeats Byzantine force at Battle of Bapheus,07/27/1301
Philip IV of France clashes with Pope Boniface VIII,07/31/1301
Philip IV calls Estates General in France to oppose pope,04/28/1302
Battle of the Golden Spurs - Flemish defeat French cavalry,07/11/1302
Pope Boniface VIII issues Unam Sanctam claiming supreme papal authority,11/18/1302
Philip IV's agents capture Pope Boniface VIII at Anagni,09/07/1303
Boniface VIII dies shortly after capture by French agents,10/11/1303
University of Rome founded by Pope Boniface VIII,10/18/1303
Mongol Ilkhanate converts to Islam,04/10/1304
Petrarch (Francesco Petrarca) born,07/20/1304
Edward I defeats William Wallace's successor Simon Fraser,08/20/1304
Robert the Bruce emerges as new Scottish resistance leader,05/23/1305
"Clement V elected pope, papacy moves to Avignon",06/05/1305
William Wallace captured and executed by English,08/23/1305
Trials of the Knights Templar begin,10/27/1305
"Robert the Bruce kills rival John Comyn, becomes king of Scotland",02/10/1306
Robert Bruce crowned Robert I of Scotland,03/25/1306
Philip IV of France expels Jews and seizes their assets,10/14/1306
Edward I of England dies campaigning against Scotland,07/07/1307
Edward II becomes king of England,07/08/1307
Philip IV arrests Knights Templar in France,10/13/1307
Albrecht I of Habsburg assassinated,05/01/1308
Pope Clement V moves to Avignon in France,07/25/1308
Knights Templar imprisoned in France face charges of heresy,07/26/1308
Robert the Bruce raids into northern England,03/12/1309
Avignon papacy transfers seat of Popes to France,03/18/1309
"Papacy establishes in Avignon, beginning Avignon Papacy",09/01/1309
Teutonic Knights move headquarters to Marienburg (Malbork),09/01/1309
"Henry VII crosses Alps, Italian campaign begins",04/11/1310
Margraviate of Brandenburg passes to Wittelsbachs,10/03/1310
Robert the Bruce consolidates control of Scotland,04/20/1311
Catalan Company sacks Athens and seizes the Duchy of Athens,08/24/1311
Council of Vienne dissolves Knights Templar,10/14/1311
Knights Templar order formally abolished by Pope Clement V,03/22/1312
Mansa Musa I of Mali - wealthiest person in medieval history,07/08/1312
Battle of Pass of Brander - Robert Bruce defeats MacDougalls,10/14/1312
Giovanni Boccaccio born,07/14/1313
"Henry VII, Holy Roman Emperor, dies in Italy",08/24/1313
Philip V of France begins reign,10/30/1313
"Jacques de Molay, last Grand Master of Knights Templar, burned at stake",03/18/1314
Battle of Bannockburn - Robert Bruce defeats Edward II of England,06/24/1314
Philip IV the Fair of France dies,11/29/1314
Great Famine begins in Northern Europe,01/28/1315
Great Famine of 1315-1317 kills millions in Europe,10/04/1315
Battle of Morgarten - Swiss defeat Habsburgs,11/15/1315
Llewelyn Bren leads Welsh revolt against English rule,01/31/1316
"Great Famine peaks in Northern Europe, millions die",09/04/1316
John I of France born and dies within days,11/15/1316
Philip V of France issues Salic Law excluding women from throne,03/11/1317
Mansa Musa becomes Emperor of Mali,09/22/1317
Great Famine continues ravaging Europe,10/16/1317
Battle of Dysert O'Dea - Irish defeat Anglo-Normans,05/10/1318
Great Famine begins to ease in Northern Europe,06/10/1318
"Edward Bruce, brother of Robert I, killed in Ireland",10/14/1318
Sweden and Norway unite briefly under Magnus VII,04/21/1319
"Robert Bruce raids deep into England, near York",05/09/1319
Philip V of France dies without male heir,12/09/1319
Pastoreaux massacre Jews in France,03/08/1320
Declaration of Arbroath asserts Scottish independence,04/06/1320
Władysław I crowned King of Poland,07/26/1320
Charles IV becomes king of France,10/07/1320
Dante Alighieri completes Divine Comedy,03/16/1321
Dante Alighieri dies in Ravenna,09/14/1321
Andronikos II of Byzantine Empire deposed by grandson,12/30/1321
Edward II defeats Lancaster at Battle of Boroughbridge,03/16/1322
Thomas of Lancaster executed by Edward II,03/22/1322
Battle of Mühldorf - Ludwig of Bavaria defeats Frederick the Fair,09/28/1322
Byzantine civil war between Andronikos II and III intensifies,05/09/1323
Thomas Aquinas canonized as saint,07/18/1323
"Osman I, founder of Ottoman dynasty, dies",09/25/1323
"Marsilius of Padua writes Defensor Pacis, limiting papal power",03/02/1324
Mansa Musa of Mali makes famous hajj to Mecca with massive gold,06/15/1324
"Orhan becomes Ottoman leader, consolidates state",06/18/1324
Ibn Battuta begins his travels from Morocco,02/21/1325
Mexica found the city of Tenochtitlan,04/15/1325
Andronikos III defeats and deposes Andronikos II,07/14/1325
Reddy Kingdom founded,11/18/1325
"Ottoman Turks capture Bursa, make it their capital",04/06/1326
Orhan I of Ottomans takes Bursa from Byzantines,05/13/1326
"Isabella and Mortimer invade England, depose Edward II",10/23/1326
"Edward II deposed and murdered, Edward III becomes king of England",01/25/1327
Tver Uprising against the Golden Horde,03/13/1327
Petrarch begins composing his sonnets,09/07/1327
Ludwig IV (Bavaria) crowned Holy Roman Emperor,12/11/1327
Philip VI of France first Valois king,01/29/1328
"Charles IV of France dies without male heir, Valois dynasty begins",02/01/1328
Battle of Cassel - Philip VI defeats Flemish,08/23/1328
David II becomes king of Scotland at age 5,02/10/1329
Robert I (Bruce) of Scotland dies,06/07/1329
Ottoman Turks defeat Byzantines at Battle of Pelekanon,06/10/1329
Stefan Dusan begins rise to power in Serbia,04/09/1330
Battle of Velbuzd - Serbia defeats Bulgaria,07/28/1330
Battle of Posada - Wallachia achieves independence,08/06/1330
"Roger Mortimer executed, Edward III begins personal rule",10/19/1330
Stefan Dusan becomes king of Serbia,07/08/1331
Byzantine Empire loses control of key Asian cities to Ottomans,07/30/1331
Genko War deposes Kamakura Shogunate in Japan,11/15/1331
Ottoman Turks capture Nicaea from Byzantines,12/06/1331
Edward Balliol briefly becomes king of Scotland with English support,01/20/1332
Black Death first appears in Central Asia (approximate),04/14/1332
Andronikos III campaigns against Serbian expansion,09/07/1332
Casimir III (the Great) becomes king of Poland,03/28/1333
Hundred Years War tensions build over French throne,06/26/1333
Battle of Halidon Hill - Edward III defeats Scots decisively,07/19/1333
"Giotto di Bondone, Italian painter, dies",01/08/1334
Ottoman Turks take Nicomedia from Byzantines,08/16/1334
Pope Benedict XII begins Avignon palace construction,10/09/1334
Black Death spreading westward from Central Asia,02/07/1335
Ilkhanate of Persia disintegrates after last khan dies,04/18/1335
Edward III of England formally claims French throne,08/05/1335
Battle of Velliangiri - founding victory for Vijayanagara,02/26/1336
Timur (Tamerlane) born,04/09/1336
Muromachi period begins in Japan,04/24/1336
Vijayanagara Empire founded in South India,06/28/1336
Philip VI of France confiscates Gascony from Edward III,01/02/1337
Hundred Years' War begins,09/26/1337
Edward III formally claims title of King of France,10/21/1337
Declaration of Rhens - German princes reject papal authority over emperor,05/15/1338
"Edward III lands in France, begins military campaign",07/16/1338
Ottoman Turks capture Nicomedia (Izmit),11/03/1338
Edward III's alliance with Flanders strengthens,06/19/1339
Black Death reaches Crimea (possible early outbreak),07/20/1339
Stefan Dusan of Serbia begins expanding into Byzantine territory,08/05/1339
Battle of Sluys - English fleet destroys French fleet,06/24/1340
Battle of Rio Salado - Castile defeats Marinid invasion of Spain,10/30/1340
Petrarch crowned poet laureate in Rome,04/08/1341
Stefan Dusan of Serbia allies with John Kantakouzenos,05/04/1341
Byzantine civil war begins between John VI Kantakouzenos and John V,10/31/1341
Louis I (the Great) becomes king of Hungary,02/04/1342
Black Death raging in Central Asia and Crimea,03/11/1342
"Pope Clement VI elected, Avignon papacy continues",08/28/1342
"Jani Beg, Mongol khan, continues Black Death spread in his domains",02/02/1343
Reval (Tallinn) purchased by Teutonic Knights from Denmark,05/29/1343
England and France in truce during Hundred Years War,09/05/1343
Ottoman Turks gain control of much of western Anatolia,01/11/1344
Battle of Algeciras - Castile captures port from Marinids,01/22/1344
Crusade of Humbert II captures Smyrna briefly,07/24/1344
Stefan Dusan of Serbia proclaims himself Emperor of Serbs and Greeks,01/30/1345
Black Death advancing through Crimea and Constantinople region,11/25/1345
Edward III defeats Scots and Scottish alliance weakens,11/27/1345
Serbian Empire founded,03/14/1346
"Stefan Dusan crowned Emperor of Serbs, Greeks, Bulgars and Albanians",04/16/1346
Battle of Crecy - English longbow defeats French cavalry,05/18/1346
Black Death arrives in Constantinople,08/08/1346
Battle of Crecy - Edward III defeats Philip VI of France,08/26/1346
Black Death kills a third of Europe's population,01/06/1347
Cola di Rienzo establishes short-lived Roman republic,05/24/1347
Edward III captures Calais after year-long siege,08/03/1347
Black Death reaches Sicily and begins spreading across Europe,10/30/1347
"Black Death sweeps across France, Italy, and Spain",10/22/1348
"Jews blamed for Black Death, massacres across Europe",10/31/1348
Boccaccio begins writing Decameron amid Black Death,12/05/1348
"Black Death reaches England, Germany, and Poland",05/14/1349
Pope Clement VI issues bull condemning Flagellants and protecting Jews,07/08/1349
Flagellant movement sweeps Europe in response to plague,10/10/1349
Ayutthaya Kingdom established in Southeast Asia,05/10/1350
Black Death kills estimated 30-60% of European population,07/14/1350
"Philip VI of France dies, John II becomes king",08/22/1350
Pedro I becomes king of Castile,12/26/1350
Statute of Laborers - England tries to control wages after plague,01/10/1351
Praemunire statute in England limits papal jurisdiction,01/24/1351
Battle of the Thirty - combat between English and French knights,03/26/1351
Red Turban Rebellions break out in China,04/03/1351
Bengal Sultanate founded,05/14/1352
Black Death recedes but returns periodically,08/21/1352
Ottoman Turks establish first European foothold at Gallipoli,09/01/1352
Zurich joins Swiss Confederation,09/17/1352
Lan Xang kingdom established in Laos,04/16/1353
Bern joins Swiss Confederation,07/04/1353
Giovanni Boccaccio completes the Decameron,09/16/1353
Ottoman Turks cross into Thrace (Europe),10/11/1353
"Ottoman Turks permanently occupy Gallipoli, first foothold in Europe",01/25/1354
John II of France captured by English at Poitiers soon after Crecy,07/22/1354
Cola di Rienzo killed in Rome,10/08/1354
Charles IV crowned Holy Roman Emperor,04/05/1355
"Edward, the Black Prince, campaigns in France",11/11/1355
"Stefan Dusan, Serbian Emperor, dies",12/20/1355
Golden Bull of 1356 establishes Holy Roman Empire constitution,03/02/1356
French government in chaos after king captured,07/11/1356
Golden Bull of 1356 - Charles IV establishes electoral system for HRE,07/26/1356
Battle of Poitiers - Black Prince captures King John II of France,09/19/1356
Hanseatic League formally founded,10/27/1356
Ottoman Turks advance through Thrace,03/19/1357
Treaty of Bordeaux - France pays ransom for John II,04/10/1357
Scotland retains independence with Treaty of Berwick,04/29/1357
Etienne Marcel leads Paris revolt against dauphin Charles,11/16/1357
Jacquerie peasant revolt in France,05/28/1358
Etienne Marcel assassinated in Paris,07/31/1358
Ottoman Turks capture Adrianople (Edirne),09/23/1358
Timur (Tamerlane) begins military career in Central Asia,04/20/1359
Black Prince continues raids in France (chevauche),08/26/1359
Ottoman capital moves to Adrianople (Edirne) in Europe,10/05/1359
Ottoman Sultan Murad I begins reign,02/26/1360
Treaty of Bretigny - England gains large French territories,05/08/1360
John II of France released and returns to France,10/17/1360
Ottoman Turks under Murad I expand into Balkans,07/10/1361
John II of France returns to English captivity voluntarily,10/16/1361
Second outbreak of Black Death in Europe,10/24/1361
John II of France dies in English captivity,04/08/1362
English replaces French as official language in English law courts,05/31/1362
Charles V of France reorganizes royal government,04/09/1363
Ottoman Turks take Philippopolis (Plovdiv),10/26/1363
Timur begins unification of Central Asian tribes,11/23/1363
Battle of Lake Poyang - one of largest naval battles in history,12/22/1363
Charles V of France begins rebuilding French military,04/25/1364
Battle of Auray - English defeat French in Breton War of Succession,09/29/1364
Vijayanagara Empire expands across southern India,11/10/1364
Timur becomes ruler of Transoxiana,09/10/1365
Habsburg family cedes territories to Switzerland,09/30/1365
"Peter I of Cyprus leads crusade, sacks Alexandria",10/10/1365
Ottoman Turks make Adrianople their capital,03/02/1366
Battle of Nicopolis - Hungarian-Ottoman conflict,05/05/1366
Timur becomes co-ruler of Transoxiana with Husayn,10/25/1366
Battle of Najera - Black Prince helps Pedro I regain Castile,04/03/1367
Ottoman Turks defeat Serbian allies at Marica River,06/02/1367
Timur defeats rivals and begins independent rule,09/01/1367
Ottoman Turks advance into Bulgaria,01/03/1368
"Zhu Yuanzhang founds Ming dynasty, expels Mongols from China",01/23/1368
Hongwu Emperor begins Ming dynasty rule,04/15/1368
Ming dynasty founded,07/17/1368
End of Yuan dynasty and beginning of Ming dynasty in China,09/22/1368
Battle of Montiel - Henry II of Castile kills Pedro I,03/23/1369
Hundred Years War resumes after French alliance with Castile,04/03/1369
"Timur defeats Husayn, becomes sole ruler of Transoxiana",09/26/1369
Timur (Tamerlane) becomes undisputed ruler of Central Asia,05/10/1370
"Black Prince sacks Limoges, massacre of civilians",09/19/1370
Casimir III the Great of Poland dies,11/05/1370
Timurid Empire founded,11/16/1370
Ottoman Empire dominates Balkans after Maritsa victory,02/08/1371
Robert II becomes first Stewart king of Scotland,02/22/1371
Battle of Maritsa - Serbs defeated by Ottomans,07/03/1371
France recovers Poitou and other provinces from England,04/18/1372
Charles V of France consolidates military reforms,06/03/1372
Battle of La Rochelle - French and Castilian fleet defeats English,06/22/1372
John of Gaunt leads English military campaign in France,01/30/1373
"Anglo-Portuguese Alliance signed, world's oldest surviving alliance",06/16/1373
Catherine of Siena begins her letters to Pope Gregory XI,12/26/1373
Black Death outbreak in England,05/23/1374
Bertrand du Guesclin drives English from most of France,06/12/1374
Petrarch dies,07/19/1374
Vijayanagara Empire founded,06/22/1375
Truce of Bruges between England and France,09/28/1375
Mamluk Sultanate defeats Armenian Kingdom of Cilicia,10/08/1375
Giovanni Boccaccio dies,12/21/1375
Edward the Black Prince dies,06/08/1376
Good Parliament challenges Edward III's government,06/18/1376
Timur begins conquest of Persia and surrounding regions,07/03/1376
"Pope Gregory XI ends Avignon papacy, returns to Rome",01/17/1377
"Edward III of England dies, Richard II becomes king",06/21/1377
John Wycliffe condemned for his views on church reform,11/09/1377
"Pope Gregory XI dies, disputed election causes Great Schism",03/27/1378
Ciompi revolt in Florence - wool workers rise up,07/06/1378
Great Schism begins - Urban VI vs Clement VII,09/01/1378
Great Schism of the West splits Catholic Church,09/17/1378
"Battle of Chioggia - Genoa vs Venice, Venice wins",05/22/1379
"Great Schism: two popes - Urban VI in Rome, Clement VII in Avignon",11/10/1379
Timur begins campaigns in Persia,12/30/1379
Moscow emerges as dominant Russian principality,05/31/1380
Battle of Kulikovo - Russian principalities defeat Golden Horde,07/21/1380
Battle of Kulikovo - Dmitri Donskoi of Moscow defeats Mongol Golden Horde,09/08/1380
"Charles V of France dies, Charles VI becomes king",09/16/1380
"Wat Tyler killed, revolt suppressed",06/15/1381
Peasants' Revolt in England,07/27/1381
John Wycliffe dismissed from Oxford for criticizing Catholic Church,09/22/1381
"John Ball, radical priest, executed after Peasants Revolt",12/03/1381
John Wycliffe's followers (Lollards) active in England,01/12/1382
Mongol Khan Tokhtamysh raids and burns Moscow,08/06/1382
Charles VI of France defeats Flemish at Roosebeke,11/27/1382
Ottoman Turks besiege Constantinople for first time,05/16/1383
"Timur captures Herat, begins conquest of Afghanistan and Persia",06/04/1383
Portuguese succession crisis - John of Aviz defeats Castile,11/11/1383
"Philip the Bold becomes Duke of Burgundy, acquires Flanders",03/18/1384
"Timur campaigns in Persia, destroys many cities",12/16/1384
"John Wycliffe dies, his followers continue as Lollards",12/31/1384
Battle of Aljubarrota - Portugal defeats Castile,04/07/1385
Union of Krewo between Poland and Lithuania,05/26/1385
John I of Aviz becomes first Aviz king of Portugal,08/09/1385
Battle of Savra - Ottomans defeat Albanians and Serbs,09/10/1385
"Jadwiga becomes queen of Poland, marries Jogaila of Lithuania",02/15/1386
"Jogaila converts to Christianity, unites Poland-Lithuania",06/06/1386
Battle of Sempach - Swiss defeat Habsburgs,07/09/1386
Longbow in widespread use,10/24/1386
Geoffrey Chaucer begins Canterbury Tales,02/12/1387
Timur defeats Golden Horde army,03/23/1387
Ottoman Turks capture Thessaloniki from Byzantines,05/20/1387
"Timur defeats army of Tokhtamysh, Golden Horde weakens",01/05/1388
Battle of Nafels - Swiss repel Habsburg invasion,04/09/1388
Battle of Otterburn (Chevy Chase) - Scots raid England,08/05/1388
Battle of Kosovo Polje - Ottomans defeat Serbian coalition,06/15/1389
"Sultan Murad I killed at Kosovo, Bayezid I takes Ottoman throne",06/15/1389
Battle of Kosovo between Serbs and Ottomans,07/12/1389
Serbian resistance effectively ends after Kosovo,12/21/1389
Byzantine Emperor John V accepts Ottoman suzerainty,05/02/1390
Kongo Empire founded,06/21/1390
Timur campaigns extensively in Persia and Mesopotamia,08/12/1390
"John I of Castile dies, Henry III becomes king",11/16/1390
Manuel II becomes Byzantine co-emperor,02/02/1391
Anti-Jewish massacres sweep across Spain,06/20/1391
Bayezid I begins Ottoman blockade of Constantinople,11/24/1391
Joseon Dynasty established in Korea,01/15/1392
Japan reunified under Ashikaga shogunate ends period of Northern-Southern courts,01/22/1392
Timur captures Tabriz and moves against Baghdad,09/06/1392
Joseon dynasty founded,12/28/1392
Bulgaria absorbed into Ottoman Empire,04/17/1393
"Tarnovo, Bulgarian capital, falls to Ottomans",11/06/1393
Timur destroys Baghdad and massacres its inhabitants,11/13/1393
Ottoman blockade of Constantinople tightens,02/05/1394
Western Schism - both popes refuse to abdicate,12/03/1394
Timur defeats Tokhtamysh at Battle of the Terek River,04/22/1395
Battle of Rovine - Wallachians defeat Ottomans,05/17/1395
"Timur sacks Sarai, capital of Golden Horde",06/21/1395
Second Bulgarian Empire ends,02/16/1396
Battle of Nicopolis - Ottoman Empire defeats Crusaders,02/18/1396
Manuel II tours Europe seeking help against Ottomans,04/15/1396
"Crusade of Nicopolis ends in disaster, Bayezid captures thousands",04/21/1396
"Kalmar Union uniting Norway, Sweden, and Denmark established",04/08/1397
"Timur invades India, approaches Delhi",05/07/1397
Richard II becomes increasingly tyrannical in England,07/15/1397
Kalmar Union founded,12/31/1397
Timur (Tamerlane) sacks Delhi,02/14/1398
Richard II exiles Henry Bolingbroke from England,08/06/1398
Timur massacres thousands in India during campaign,09/17/1398
"Timur sacks Delhi, Delhi Sultanate weakened",12/17/1398
Timur returns from India campaign loaded with plunder,01/21/1399
Richard II deposed and later murdered in Tower,08/08/1399
"Henry Bolingbroke deposes Richard II, becomes Henry IV",09/30/1399
Richard II of England dies in captivity,02/14/1400
Timur defeats Mamluk Egypt and sacks Aleppo and Damascus,03/12/1400
Owain Glyndwr leads Welsh rebellion against English rule,09/16/1400
"Timur sacks Baghdad again, builds tower of skulls",04/18/1401
Burgundy faction in France gains power under John the Fearless,05/02/1401
Ottoman-Timurid conflict grows as Timur advances west,09/07/1401
"Ottoman Empire nearly destroyed, civil war among sons of Bayezid",07/19/1402
Timur (Tamerlane) defeats Ottoman Sultan Bayezid at Ankara,07/28/1402
Byzantine Empire gains respite from Ottoman pressure,12/15/1402
Bayezid I dies in Timurid captivity,03/08/1403
Ottoman civil war among sons of Bayezid I,07/11/1403
Battle of Shrewsbury - Henry IV defeats Percy rebels in England,07/21/1403
Burgundian-Armagnac civil war begins in France,01/18/1404
Timur prepares vast army for conquest of China,02/04/1404
"Philip the Bold, Duke of Burgundy, dies",04/27/1404
Timur (Tamerlane) dies before reaching China,02/18/1405
Timurid Empire begins to fragment,08/11/1405
Zheng He begins first of seven naval expeditions from China,10/14/1405
"Florence purchases Pisa, grows as dominant Tuscan city",02/02/1406
Ottoman civil war continues between Suleyman and Musa Celebi,07/28/1406
James I of Scotland captured by English pirates,08/25/1406
Burgundian-Armagnac conflict intensifies in France,06/10/1407
"John the Fearless, Duke of Burgundy, assassinates Louis of Orleans",11/23/1407
Mehmed I consolidates Ottoman territory in Anatolia,11/30/1407
Council of Pisa attempts to end Great Schism,01/17/1408
Mehmed I defeats brothers in Ottoman civil war,07/30/1408
Lollard heresy spreading in England,10/01/1408
Three claimants simultaneously claim papacy,06/14/1409
"Council of Pisa creates third pope, deepening Great Schism",09/29/1409
Teutonic Knights at war with Poland-Lithuania,11/16/1409
Charles VI of France increasingly mentally ill,01/01/1410
Mehmed I unites Ottoman Empire after civil war,01/30/1410
Battle of Grunwald - Poland-Lithuania defeats Teutonic Knights,07/15/1410
"Peace of Thorn ends Polish-Teutonic war, Teutonic Knights weaken",02/01/1411
John the Fearless of Burgundy allies with English,08/24/1411
Council of Constance called to end Great Schism,10/18/1411
Joan of Arc born in Domremy,01/06/1412
Sigismund of Hungary becomes Holy Roman Emperor,04/24/1412
Burgundians ally with English against Armagnacs in France,07/15/1412
Henry V becomes king of England,03/21/1413
Mehmed I consolidates control of entire Ottoman Empire,04/06/1413
Council of Constance begins to resolve Great Schism,11/16/1413
Henry V prepares invasion of France,01/25/1414
Council of Constance opens to resolve Great Schism,11/05/1414
John Hus (Jan Hus) summoned to Council of Constance,12/16/1414
Portuguese begin exploration of African coast,04/10/1415
Jan Hus burned at stake at Council of Constance,07/06/1415
"Portugal captures Ceuta from Morocco, start of Age of Discovery",08/21/1415
Portuguese Empire begins,08/27/1415
Battle of Agincourt - English defeat French,10/25/1415
Jerome of Prague burned at stake after recanting recantation,05/30/1416
Ottoman attack on Constantinople repulsed,06/20/1416
Hussite movement begins in Bohemia,06/28/1416
Council of Constance ends Great Schism,04/09/1417
Mehmed I defeats revolt of Sheikh Bedreddin,06/11/1417
Henry V continues conquest of Normandy,07/04/1417
Henry V captures Rouen after long siege,06/22/1418
Martin V returns papacy to Rome after Avignon period,10/09/1418
Burgundians massacre Armagnacs in Paris,12/14/1418
Defenestration of Prague begins Hussite revolution,07/30/1419
Hussite Wars begin in Bohemia,08/19/1419
John the Fearless of Burgundy assassinated at Montereau,09/10/1419
Treaty of Troyes - Henry V to inherit French throne,05/21/1420
"Henry V marries Catherine of Valois, daughter of French king",06/02/1420
Ottoman Empire conquers Anatolia and expands into Balkans,06/27/1420
Hussite army defeats crusaders in Bohemia,10/16/1420
"Mehmed I, Ottoman Sultan, dies; Murad II becomes sultan",05/01/1421
Chinese Ming fleet under Zheng He's expeditions continue,08/13/1421
Battle of Baugé - French defeat English,10/05/1421
Henry V campaigns in France,10/25/1421
Hussite wars continue in Bohemia against Catholic crusaders,07/14/1422
"Henry V of England dies, Henry VI becomes king as infant",08/31/1422
"Charles VI of France dies, Henry VI of England also claimed French throne",10/21/1422
Regent Bedford administers English territories in France,03/25/1423
Battle of Cravant - English and Burgundians defeat French and Scots,07/31/1423
Hussite victories against crusades continue,09/28/1423
Battle of Verneuil - English victory over French-Scottish force,08/17/1424
James I of Scotland ransomed and returns home,11/30/1424
Ottoman Murad II besieges Constantinople,12/05/1424
John VIII Palaiologos becomes Byzantine Emperor,02/08/1425
Byzantine Empire now only Constantinople and a few territories,05/22/1425
Hussite general Jan Zizka dies,10/11/1425
Aztec Triple Alliance formed in Mexico,03/08/1426
"Hussite wars continue, Catholic crusades repeatedly defeated",05/02/1426
Cosimo de Medici begins rise to power in Florence,12/22/1426
Hussite armies raid into Germany,01/14/1427
English begin siege of Orleans,01/29/1427
Joan of Arc's mission reportedly begins with visions,02/06/1427
Joan of Arc goes to Charles VII with her mission,04/14/1428
"English besiege Orleans, turning point of Hundred Years War",10/12/1428
Battle of the Herrings - English supply convoy protected,02/12/1429
Joan of Arc relieves siege of Orleans,05/08/1429
Battle of Patay - French crush English army,06/18/1429
Charles VII crowned at Reims with Joan of Arc present,07/17/1429
Joan of Arc leads French forces at Orleans,12/17/1429
Murad II Ottoman sultan recaptures Thessaloniki,03/29/1430
Joan of Arc captured by Burgundians at Compiegne,05/23/1430
Burgundians sell Joan of Arc to English,07/01/1430
Joan of Arc burned at stake in Rouen by English-Burgundian court,05/30/1431
"Council of Basel opens, challenging papal authority",07/23/1431
Henry VI of England crowned king of France in Paris,12/16/1431
Azores discovered by Portuguese explorers,04/15/1432
Jan van Eyck completes Ghent Altarpiece,05/06/1432
"Sigismund, Holy Roman Emperor, comes to Basel",10/19/1432
Portuguese explorers reach Cape Bojador on African coast,02/22/1433
Cosimo de Medici briefly exiled from Florence,03/11/1433
Sigismund crowned Holy Roman Emperor by Pope Eugene IV,05/31/1433
Battle of Lipany - moderate Hussites defeat radical Taborites,05/30/1434
"Hussite moderate faction makes peace, ending Hussite Wars",11/12/1434
"Cosimo de Medici returns to Florence, begins Medici dominance",12/17/1434
Portugal takes control of Cape Verde islands,05/29/1435
Burgundy switches sides to France in Hundred Years War,08/25/1435
Treaty of Arras - Burgundy abandons alliance with England,09/21/1435
French recapture Paris from English after 16 years,04/13/1436
Albert II becomes Holy Roman Emperor,09/13/1436
Council of Florence begins union talks with Greek church,11/25/1436
Compactata of Basel - moderate Hussite settlement reached,02/12/1437
James I of Scotland assassinated,02/21/1437
"Sigismund, Holy Roman Emperor, dies",12/09/1437
Council of Florence merges with Council of Basel,02/20/1438
Inca Empire expands under Pachacuti,06/19/1438
Pragmatic Sanction of Bourges - France limits papal authority,07/07/1438
Albert II of Habsburg becomes first in unbroken line of Habsburg emperors,11/15/1438
Council of Florence achieves short-lived union of Catholic and Orthodox churches,07/06/1439
"Albert II, Holy Roman Emperor, dies",10/27/1439
"French military reorganized, beginning end of Hundred Years War",11/21/1439
Aztec Empire at its height under Montezuma I,01/06/1440
Frederick III becomes Holy Roman Emperor,05/18/1440
Aztec Triple Alliance conquers much of central Mexico,08/30/1440
"Gilles de Rais, serial killer and former companion of Joan of Arc, executed",10/26/1440
Cosimo de Medici consolidates control of Florentine banking,03/09/1441
Portuguese explorers bring first African slaves to Lisbon,08/06/1441
Transylvanian forces fight Ottomans under John Hunyadi,12/17/1441
John Hunyadi defeats Ottoman forces at Hermannstadt,03/22/1442
Alfonso V of Aragon captures Naples,07/23/1442
Ottoman Murad II retreats after defeat by Hunyadi,10/18/1442
Korea's Sejong the Great invents Hangul alphabet,07/05/1443
"Skanderbeg (George Castriot) defects from Ottomans, leads Albanian resistance",11/28/1443
Long Campaign - Hunyadi drives Ottomans back through Balkans,12/07/1443
John Hunyadi becomes Regent of Hungary,12/27/1443
Hundred Years War truce period,04/05/1444
Murad II retakes Ottoman throne from son Mehmed,09/21/1444
Battle of Varna - Ottomans destroy crusade against them,11/10/1444
John Hunyadi governs Hungary effectively as regent,04/18/1445
Johannes Gutenberg begins developing movable type printing,10/03/1445
Portuguese explorers reach Senegal River and Cape Verde peninsula,10/15/1445
King Sejong of Korea creates Hangul writing system,02/02/1446
"Brunelleschi, architect of Florence Cathedral dome, dies",04/15/1446
"Murad II campaigns in Greece, attacks Hexamilion Wall",12/04/1446
"Pope Nicholas V elected, beginning of Renaissance papacy",12/07/1447
Francesco Sforza claims Duchy of Milan,12/13/1447
Constantine XI becomes last Byzantine Emperor,01/06/1448
Murad II resumes Ottoman sultanate briefly,07/05/1448
Battle of Kosovo (Second) - Ottomans defeat Hunyadi,10/17/1448
Charles VII of France ends Hundred Years War truce,01/23/1449
French capture Rouen from English,11/10/1449
Johannes Gutenberg invents printing press,03/30/1450
French expel English from Normandy at Battle of Formigny,04/15/1450
Printing press invented,06/05/1450
Jack Cade's rebellion in England against Henry VI's government,06/29/1450
Sforza family takes Milan,10/11/1450
Frederick III crowned Holy Roman Emperor by last pope to crown emperor in Rome,01/06/1451
Mehmed II becomes Ottoman Sultan,02/06/1451
Turks begin planning final assault on Constantinople,05/25/1451
Mehmed II builds Rumeli Hisari fort to cut off Constantinople,02/10/1452
Frederick III last Holy Roman Emperor crowned by Pope in Rome,03/19/1452
Leonardo da Vinci born,04/15/1452
Fall of Constantinople - Ottomans conquer Byzantine Empire,05/29/1453
Fall of Constantinople to Ottoman Turks,05/29/1453
Battle of Castillon - last major battle of Hundred Years War,07/17/1453
End of Hundred Years War - English expelled from France,07/17/1453
Hundred Years' War ends,07/26/1453
Peace of Lodi creates Italian balance of power,04/09/1454
Gutenberg Bible - first major book printed with movable type,09/03/1454
Ottoman millet system established for non-Muslim communities,11/14/1454
First Battle of St Albans - Yorkists defeat Lancastrians,05/22/1455
Wars of the Roses begin in England,05/25/1455
Gutenberg Bible printed with movable type press,12/22/1455
Athens falls to Ottomans,01/29/1456
Siege of Belgrade - Hunyadi repels Ottoman attack,07/22/1456
John Hunyadi dies after defending Belgrade from Ottomans,08/11/1456
Ottoman advance into Balkans resisted by Skanderbeg in Albania,02/08/1457
Matthias Corvinus becomes king of Hungary,08/24/1457
Vlad the Impaler begins reign in Wallachia,12/12/1457
Aeneas Silvius Piccolomini becomes Pope Pius II,08/19/1458
George of Podebrady becomes king of Bohemia,09/20/1458
Serbia completely absorbed into Ottoman Empire,03/25/1459
Congress of Mantua - Pope Pius II calls for crusade against Ottomans,04/11/1459
Skanderbeg continues Albanian resistance against Ottomans,10/15/1459
Battle of Northampton - Yorkists capture Henry VI,07/10/1460
James II of Scotland killed by exploding cannon at Roxburgh,08/03/1460
Battle of Wakefield - Lancastrians defeat and kill Richard Duke of York,12/30/1460
"Edward IV becomes king of England, defeats Lancastrians",03/04/1461
"Battle of Towton - bloodiest battle on English soil, Yorkist victory",03/29/1461
Ivan III declared Tsar of Russia,03/05/1462
Ivan III becomes Grand Prince of Moscow,07/28/1462
Vlad the Impaler's campaign against Ottoman Turks in Wallachia,09/02/1462
Matthias Corvinus resists Ottoman pressure in Hungary,10/14/1462
"Pope Pius II prepares crusade against Ottomans, dies before launching it",02/20/1463
War of St Polten - Frederick III vs Matthias Corvinus,02/27/1463
Ottoman Turks conquer Bosnia,11/01/1463
Lorenzo de Medici begins rise to prominence in Florence,02/09/1464
Songhai Empire rises,03/27/1464
Skanderbeg defeats major Ottoman invasion of Albania,04/05/1464
Pope Pius II dies while launching crusade against Turks,08/14/1464
War of the League of the Public Weal in France,01/17/1465
Battle of Montlhery - Louis XI vs rebellious nobles,07/16/1465
League of Public Weal rebels against Louis XI of France,09/02/1465
Songhay Empire expands under Sunni Ali in West Africa,09/30/1465
Ottoman Turks take Negroponte from Venice,07/15/1466
Bartolomeu Dias born (future explorer of Cape of Good Hope),09/03/1466
Second Peace of Thorn - Teutonic Knights cede Prussia to Poland,10/19/1466
Charles the Bold becomes Duke of Burgundy,06/15/1467
Castile and Aragon begin political unification,10/13/1467
Lorenzo de Medici (the Magnificent) becomes ruler of Florence,02/11/1468
Songhay Empire under Sunni Ali captures Timbuktu,02/21/1468
Ottoman conquest of Albania begins after Skanderbeg's death,08/09/1468
Albanian resistance to Ottoman rule collapses after Skanderbeg's death,11/01/1468
Lorenzo de' Medici rules Florence - peak of Italian Renaissance,03/03/1469
Ferdinand of Aragon marries Isabella of Castile,10/19/1469
War of the Roses continues in England,11/06/1469
Lorenzo de Medici becomes leader of Florence,12/01/1469
Gutenberg printing press spreads across Europe,05/30/1470
Henry VI briefly restored as king of England,10/03/1470
"Warwick the Kingmaker defeats Edward IV, restores Henry VI",12/12/1470
Battle of Barnet - Edward IV defeats and kills Warwick,04/14/1471
"Battle of Tewkesbury - Edward IV defeats Lancastrians, Edward of Westminster killed",05/04/1471
Henry VI murdered in Tower of London,05/21/1471
Tver principality absorbed into Moscow,03/28/1472
"Ivan III of Moscow marries Sophia Palaiologina, niece of last Byzantine Emperor",06/19/1472
Ottoman Turks complete conquest of Anatolia from Karamanids,08/08/1472
Copernicus born,02/19/1473
Charles the Bold of Burgundy meets Frederick III,02/28/1473
Cyprus comes under Venetian control,03/13/1473
War of the Burgundian Succession begins,03/05/1474
Swiss Confederation defeats Burgundy at Hericourt,03/15/1474
Isabella of Castile becomes queen after her brother Henry IV dies,12/11/1474
Vlad the Impaler dies fighting Turks,06/02/1475
Edward IV invades France but signs Treaty of Picquigny,08/29/1475
Ottoman Turks conquer Crimea,11/24/1475
Battle of Grandson - Swiss defeat Charles the Bold,03/02/1476
Battle of Murten - Swiss annihilate Burgundian army,06/22/1476
William Caxton prints first book in English,07/02/1476
"Charles the Bold killed at Battle of Nancy, end of Burgundian state",01/05/1477
Mary of Burgundy marries Maximilian of Habsburg,08/19/1477
Habsburg acquisition of Burgundy/Netherlands through Mary of Burgundy-Maximilian,12/31/1477
Pazzi Conspiracy - attempt to assassinate Lorenzo de Medici in Florence,04/26/1478
Giuliano de Medici killed in Pazzi Conspiracy,04/26/1478
Spanish Inquisition established,04/27/1478
Union of Castile and Aragon - Isabella and Ferdinand rule together,06/06/1479
Battle of Guinegate - Maximilian defeats French,08/07/1479
Treaty of Alcacovas - Spain and Portugal divide Atlantic discoveries,09/04/1479
Ivan III stops paying tribute to Golden Horde,01/13/1480
Ivan III ends Tatar yoke over Russia,05/04/1480
Ferdinand and Isabella begin conquest of Granada,05/19/1480
Ottoman Turks sack Otranto in Italy,08/11/1480
"Great Stand on the Ugra River - Golden Horde withdraws, Russia freed",01/08/1481
Mehmed II the Conqueror dies,05/03/1481
Bayezid II becomes Ottoman sultan,12/05/1481
Portuguese reach Congo River on African coast,01/26/1482
"Ivan III conquers Novgorod, consolidates Russian state",11/29/1482
Treaty of Arras - France gains Burgundy from Habsburgs,12/23/1482
Princes in the Tower (Edward V and brother) disappear,02/20/1483
"Edward IV of England dies, Edward V briefly king",04/09/1483
Richard III becomes king of England,06/26/1483
Songhay Empire expands further under Sunni Ali,02/10/1484
Pope Innocent VIII elected,04/12/1484
Richard III faces rebellion from former allies,09/11/1484
Battle of Bosworth Field - Henry Tudor defeats Richard III,08/22/1485
Henry VII begins Tudor dynasty in England,08/22/1485
"Richard III killed, Wars of the Roses ends",08/22/1485
Wars of the Roses end - Henry VII becomes first Tudor king,11/11/1485
Maximilian I elected King of the Romans (HRE),04/09/1486
Bartolomeu Dias prepares expedition to round Africa,05/01/1486
Pico della Mirandola's Oration on the Dignity of Man,10/24/1486
Battle of Stoke Field - final battle of Wars of the Roses,06/16/1487
Lambert Simnel pretender defeated by Henry VII,10/06/1487
"Songhay Empire defeats Mali Empire, dominates West Africa",12/04/1487
James III of Scotland killed at Battle of Sauchieburn,06/11/1488
Bartholomew Dias rounds Cape of Good Hope,09/27/1488
Maximilian I defeats French at Battle of Bruges,09/30/1488
Ottoman Bayezid II campaigns against Mamluk Egypt,01/10/1489
Treaty of Medina del Campo - England and Spain ally against France,03/27/1489
Cyprus formally ceded to Venice,11/28/1489
Matthias Corvinus of Hungary dies,04/06/1490
Vladislaus II becomes king of Bohemia and Hungary,06/03/1490
Leonardo da Vinci draws Vitruvian Man,10/21/1490
Ivan III of Russia annexes Tver,04/12/1491
Granada War near conclusion - Spanish siege intensifies,09/29/1491
Brittany joins France through royal marriage,12/06/1491
Reconquista complete - Granada falls to Ferdinand and Isabella,01/02/1492
"Granada, last Muslim kingdom in Spain, falls to Ferdinand and Isabella",01/02/1492
Jews expelled from Spain,07/06/1492
"Columbus reaches Caribbean, European contact with Americas",10/12/1492
Christopher Columbus reaches the Americas,10/12/1492
"Columbus returns to Spain, announces Caribbean discovery",03/15/1493
Maximilian I becomes Holy Roman Emperor,08/19/1493
Pope Alexander VI (Borgia) divides New World between Spain and Portugal,10/19/1493
"Charles VIII of France invades Italy, Italian Wars begin",03/29/1494
Double-entry accounting codified,04/13/1494
Lodovico Sforza invites France to invade Italy,06/03/1494
Treaty of Tordesillas divides New World between Spain and Portugal,06/07/1494
Luca Pacioli publishes double-entry accounting,11/25/1494
Charles VIII captures Naples,02/22/1495
League of Venice forms against French invasion,03/31/1495
Battle of Fornovo - French fight their way back from Italy,07/06/1495
Jews expelled from Portugal and converted by force,05/10/1496
Vasco da Gama prepares for voyage to India,07/08/1496
Philip the Handsome marries Joanna of Castile,10/20/1496
Perkin Warbeck pretender defeated by Henry VII,04/24/1497
John Cabot reaches North America for England,06/24/1497
"Vasco da Gama departs for India, sails around Africa",07/08/1497
Leonardo da Vinci paints The Last Supper,02/19/1498
Savonarola burned at stake in Florence,05/23/1498
Vasco da Gama reaches India via sea route,09/29/1498
Amerigo Vespucci begins voyages to South America,07/31/1499
Ottoman-Venetian war begins,08/12/1499
Swiss Confederation gains de facto independence from HRE,09/22/1499
Ludovico Sforza expelled from Milan by France,01/28/1500
Ottoman Turks seize Venetian ports in Greece,07/11/1500
Portuguese reach Brazil under Pedro Alvares Cabral,09/23/1500
Safavid dynasty founded in Persia by Shah Ismail I,02/08/1501
Michelangelo begins sculpting David,02/19/1501
Shah Ismail I establishes Twelver Shia Islam as Persian state religion,02/20/1501
Safavid dynasty established in Persia,04/12/1501
Safavid Persia founded,06/19/1501
Safavid Shah Ismail defeats Aq Qoyunlu confederation,05/27/1502
Amerigo Vespucci coins term New World for Americas,06/10/1502
Christopher Columbus begins fourth and final voyage,09/21/1502
Leonardo da Vinci paints the Mona Lisa,03/27/1503
Julius II becomes Pope; patronizes Michelangelo,07/03/1503
"Pope Julius II elected, warrior pope",11/01/1503
Ottoman-Venetian peace treaty signed,11/15/1503
Treaty of Lyon - France cedes Naples to Spain,05/27/1504
Michelangelo completes statue of David,07/10/1504
Isabella of Castile dies,11/26/1504
Portuguese establish trading posts in East Africa and India,02/16/1505
Vasili III becomes Grand Prince of Moscow,05/27/1505
Ivan III the Great of Russia dies,10/27/1505
Swiss Guard established at Vatican,01/22/1506
Pope Julius II lays cornerstone of new St Peter's Basilica,04/18/1506
Christopher Columbus dies in Spain,05/20/1506
Maximilian I assumes title of Holy Roman Emperor without papal coronation,02/04/1507
Waldseemüller map names America after Amerigo Vespucci,07/01/1507
Portuguese control major Indian Ocean trade routes,10/09/1507
Ferdinand I of Austria born (future HRE),03/10/1508
League of Cambrai formed against Venice by major powers,12/10/1508
Michelangelo begins painting Sistine Chapel ceiling,12/24/1508
Erasmus writes Praise of Folly,04/15/1509
Battle of Agnadello - France defeats Venice,05/14/1509
Ottoman-Safavid conflict begins,05/03/1510
Pope Julius II forms Holy League against France,08/05/1510
Afonso de Albuquerque captures Goa for Portugal,11/25/1510
Battle of Ravenna - French win costly victory in Italy,03/05/1511
"Afonso de Albuquerque captures Malacca, controlling spice trade routes",07/24/1511
Holy League of Pope Julius II against France formed,10/04/1511
Michelangelo completes the Sistine Chapel ceiling,03/04/1512
"Battle of Ravenna - French victory, then forced to withdraw from Italy",04/11/1512
"Selim I becomes Ottoman sultan, defeats rivals",04/24/1512
Battle of Flodden - England defeats Scotland,03/20/1513
Vasco Nunez de Balboa crosses Panama and sees the Pacific,03/31/1513
Machiavelli writes The Prince,07/15/1513
Selim I incorporates eastern Anatolia into Ottoman Empire,03/19/1514
Ottoman-Safavid rivalry and religious conflict formalized,04/12/1514
Battle of Chaldiran - Ottoman Selim I defeats Safavid Shah Ismail,08/23/1514
Francis I becomes king of France,01/01/1515
Battle of Marignano - Francis I defeats Swiss and Milanese,09/13/1515
Thomas Wolsey becomes Lord Chancellor and Cardinal in England,11/27/1515
Charles I becomes king of Spain (later Emperor Charles V),01/23/1516
Erasmus publishes Greek New Testament,07/14/1516
"Battle of Marj Dabiq - Ottomans defeat Mamluks, take Syria",08/24/1516
"Ottoman Selim I defeats Mamluks, takes Egypt",01/22/1517
Martin Luther posts 95 Theses - Protestant Reformation begins,10/31/1517
Selim I claims title of Caliph of Islam,11/27/1517
Diet of Augsburg - Luther refuses to recant before Cajetan,01/18/1518
Beginning of slave trade from Africa to Americas by Spain,06/22/1518
Raphael appointed architect of St Peter's Basilica,06/30/1518
Charles V elected Holy Roman Emperor,06/28/1519
Hernan Cortes begins conquest of Aztec Empire,07/26/1519
Ferdinand Magellan begins circumnavigation of the globe,08/24/1519
Suleiman the Magnificent becomes Ottoman Sultan,09/22/1520
Diet of Worms - Luther excommunicated for defying pope,10/04/1520
Cortes defeats Aztecs after Noche Triste,12/23/1520
Hernan Cortes conquers Aztec Empire,03/09/1521
Diet of Worms - Luther declares 'Here I stand' before Emperor,04/18/1521
"Cortes captures Tenochtitlan, Aztec Empire falls",08/13/1521
Ottoman Suleiman I captures Belgrade,08/28/1521
Juan Sebastian Elcano completes first circumnavigation of globe,09/06/1522
Knights Hospitaller expelled from Rhodes by Ottomans,12/07/1522
Ottoman Turks capture Rhodes from Knights of St John,12/22/1522
"Gustav Vasa becomes king of Sweden, ending Kalmar Union",06/06/1523
Zwingli leads Reformation in Zurich,11/14/1523
Francisco Pizarro begins reconnaissance of South America,01/04/1524
Giovanni da Verrazzano explores North American coast for France,10/20/1524
Peasants War begins in Germany inspired by Reformation,11/10/1524
Battle of Pavia - Charles V captures French King Francis I,02/24/1525
"Teutonic Knights secularize, Prussia becomes duchy under Poland",06/10/1525
"Peasants War in Germany suppressed, Thomas Muentzer executed",11/01/1525
Mughal Empire founded by Babur in India,01/04/1526
"Battle of Mohacs - Ottomans crush Hungary, King Louis II killed",08/29/1526
Ottoman Empire defeats Hungary at Battle of Mohacs,08/29/1526
Suleiman annexes most of Hungary after Mohacs,11/25/1526
Habsburg Empire founded,12/23/1526
Babur consolidates Mughal control of northern India,03/30/1527
"Sack of Rome by Charles V's troops, Pope Clement VII imprisoned",05/06/1527
Florence briefly restored to republic after expulsion of Medici,07/29/1527
Sack of Rome by Holy Roman Empire forces,09/17/1527
Mughal Emperor Babur defeats Rajput Confederation,01/14/1528
Castiglione writes The Book of the Courtier,12/11/1528
Treaty between France and England against Charles V,12/11/1528
English Reformation begins - Henry VIII conflicts with Pope over divorce,01/14/1529
Ottoman Empire besieges Vienna,07/05/1529
Treaty of Cambrai - Francis I abandons Italian claims to Charles V,08/03/1529
Siege of Vienna - Suleiman fails to take Habsburg capital,10/14/1529
Charles V crowned Holy Roman Emperor by Pope Clement VII,02/24/1530
Knights of Malta established - expelled Hospitallers given Malta,04/13/1530
Augsburg Confession - Lutheran statement of faith presented to Charles V,06/25/1530
Francisco Pizarro begins conquest of Inca Empire,02/21/1531
Schmalkaldic League - Protestant princes form defensive alliance,02/27/1531
Zwingli killed at Battle of Kappel fighting Catholic cantons,10/11/1531
Ottoman-Habsburg frontier stabilized in central Hungary,02/02/1532
Act in Restraint of Appeals - Henry VIII breaks England from Rome,10/01/1532
Pizarro captures Inca Emperor Atahualpa at Cajamarca,11/16/1532
Ivan IV (the Terrible) becomes Grand Prince of Russia at age 3,04/10/1533
"Henry VIII marries Anne Boleyn, excommunicated by Pope",05/28/1533
Francisco Pizarro conquers Inca Empire,06/26/1533
"Pizarro executes Atahualpa, completes conquest of Peru",07/26/1533
Jacques Cartier explores Gulf of St Lawrence for France,03/03/1534
Henry VIII breaks with Rome - Church of England established,03/18/1534
France begins colonial empire,04/16/1534
Ignatius of Loyola founds Society of Jesus (Jesuits),08/15/1534
Act of Supremacy - Henry VIII declared Supreme Head of Church of England,11/03/1534
Anabaptist Kingdom of Munster crushed by combined Catholic-Protestant forces,03/19/1535
Thomas More executed for refusing to accept Henry VIII's supremacy,07/06/1535
Coverdale Bible - first complete English Bible printed,08/22/1535
Dissolution of English monasteries begins,04/30/1536
"Anne Boleyn executed, Henry VIII marries Jane Seymour",05/19/1536
Calvin publishes Institutes of the Christian Religion,09/20/1536
Pope Paul III issues Sublimis Dei protecting Native Americans,06/02/1537
Jane Seymour dies after giving birth to future Edward VI,10/24/1537
Schmalkaldic League strengthens against Charles V,11/13/1537
Battle of Preveza - Ottoman fleet defeats Holy League,09/28/1538
Ottoman domination of Eastern Mediterranean established,11/07/1538
Pope Paul III excommunicates Henry VIII,12/17/1538
Dissolution of English monasteries largely complete,02/13/1539
Hernando de Soto begins exploration of southeastern North America,07/01/1539
Francis Xavier and Ignatius of Loyola establish Jesuit missions,09/07/1539
Coronado begins exploration of American Southwest,08/27/1540
Society of Jesus (Jesuits) officially recognized by Pope Paul III,09/27/1540
Henry VIII dissolves last English monasteries,10/12/1540
John Calvin establishes theocracy in Geneva,04/11/1541
Hernando de Soto discovers Mississippi River,05/08/1541
"Ottoman Suleiman captures Buda, Hungary becomes Ottoman province",08/29/1541
"Portuguese reach Japan, introducing Christianity and firearms",07/20/1542
"Spanish create encomienda system, Council of Indies debates treatment of natives",11/09/1542
Mary Queen of Scots born,12/08/1542
Henry VIII enters into alliance with Holy Roman Emperor Charles V against France,03/15/1543
Copernicus publishes heliocentric theory,11/05/1543
"Andreas Vesalius publishes modern anatomy, De Humani Corporis Fabrica",12/22/1543
Battle of Ceresole - French defeat imperial forces in Italy,04/14/1544
"Francis Xavier begins missionary work in Goa, India",06/18/1544
Peace of Crespy between France and Holy Roman Empire,09/18/1544
"Spanish discover vast silver deposits at Potosi, Bolivia",05/07/1545
Council of Trent - Catholic Counter-Reformation begins,10/30/1545
"Francis Drake born in Devon, England",11/25/1545
Schmalkaldic War begins - Charles V attacks Protestant princes,01/18/1546
Martin Luther dies in Eisleben,02/18/1546
"George Wishart burned at stake in Scotland, beginning Scottish Reformation",03/01/1546
Battle of Muhlberg - Charles V defeats Schmalkaldic League,04/24/1547
Ivan the Terrible becomes first Tsar of all Russia,06/13/1547
Council of Trent continues Counter-Reformation work,01/24/1548
Sigismund II Augustus becomes king of Poland,09/07/1548
Book of Common Prayer introduced in England under Edward VI,01/15/1549
Probability theory developed,07/29/1549
Francis Xavier reaches Japan,08/15/1549
"Kett's Rebellion in Norfolk, England against enclosures",10/06/1549
Valladolid debate on rights of indigenous Americans,02/11/1550
Suleiman the Magnificent at height of Ottoman power,11/18/1550
Giorgio Vasari publishes Lives of the Artists,11/23/1550
The Servetus affair - Michael Servetus burned in Calvin's Geneva,06/07/1551
Council of Trent resumes its sessions,06/13/1551
Ottoman-Habsburg war in Hungary continues,06/24/1551
Treaty of Passau - Protestant rights temporarily guaranteed in Germany,08/02/1552
"Ivan IV campaigns against Kazan Khanate, captures Kazan",10/02/1552
Francis Xavier dies on way to China,12/03/1552
Edward VI of England dies,07/06/1553
"Mary I becomes queen of England, restores Catholicism",07/19/1553
Lady Jane Grey's nine-day reign ends,07/19/1553
Lady Jane Grey executed,02/12/1554
Wyatt's Rebellion against Mary I suppressed,02/18/1554
Mary I of England marries Philip II of Spain,07/25/1554
"Mary I burns Protestant martyrs, earning name Bloody Mary",09/04/1555
"Peace of Augsburg - cuius regio, eius religio established in HRE",09/25/1555
Peace of Augsburg ends Protestant wars in Germany,09/26/1555
Hugh Latimer and Nicholas Ridley burned at stake,10/16/1555
"Charles V abdicates, divides Habsburg empire between son and brother",01/16/1556
Akbar the Great becomes Mughal Emperor,07/01/1556
Philip II becomes king of Spain,08/12/1556
Portuguese establish Macao as trading post in China,04/30/1557
Battle of St Quentin - Spain defeats France,08/10/1557
Ivan IV conquers Astrakhan Khanate,12/26/1557
"England loses Calais, last English territory in France",01/07/1558
Mary I of England dies,11/17/1558
Elizabeth I becomes queen of England,11/17/1558
Peace of Cateau-Cambresis ends Habsburg-Valois Italian Wars,04/03/1559
John Knox establishes Scottish Reformation,08/06/1559
"Pope Paul IV dies, Pius IV elected",08/18/1559
Scottish Reformation formally established by Parliament,03/18/1560
French Wars of Religion begin,03/25/1560
Livonian War begins - Russia against Livonian Order,12/18/1560
Council of Trent resumes for final sessions,03/10/1561
Edict of January grants French Protestants some rights,08/02/1561
Mary Queen of Scots returns to Scotland from France,08/19/1561
French Wars of Religion begin with Massacre of Vassy,03/01/1562
John Hawkins begins English slave trade with Africa and Americas,05/07/1562
Huguenot massacre at Vassy triggers French religious civil war,12/11/1562
Philip II begins construction of El Escorial palace-monastery,06/02/1563
Plague kills thousands in London and England,06/07/1563
"Council of Trent concludes, Counter-Reformation defined",12/04/1563
Galileo Galilei born,02/15/1564
Michelangelo dies,02/18/1564
William Shakespeare born,04/23/1564
Akbar the Great begins building Fatehpur Sikri,02/27/1565
Tobacco introduced to England from Americas,04/09/1565
Great Siege of Malta - Knights of Malta repel Ottoman attack,09/08/1565
Dutch revolt against Spanish begins (Beeldenstorm),08/30/1566
Suleiman the Magnificent dies during siege of Szigetvar,09/06/1566
Selim II becomes Ottoman Sultan,11/11/1566
Duke of Alba arrives in Netherlands with Spanish army to crush revolt,06/11/1567
James VI becomes king of Scotland as infant,07/29/1567
"Mary Queen of Scots abdicates, flees to England",08/22/1567
Mary Queen of Scots imprisoned by Elizabeth I of England,01/04/1568
Oda Nobunaga begins unification of Japan,03/25/1568
Eighty Years War begins - Dutch war for independence from Spain,07/16/1568
Northern Rising in England - Catholics rebel against Elizabeth I,03/31/1569
Union of Lublin - Poland and Lithuania form Polish-Lithuanian Commonwealth,07/01/1569
Gerardus Mercator publishes his famous world map projection,09/06/1569
Pope Pius V excommunicates Elizabeth I of England,02/25/1570
Ottoman Turks invade Cyprus,07/11/1570
"Cervantes fights at Battle of Lepanto, wounded",08/18/1571
Ottoman Turks complete conquest of Cyprus,09/03/1571
Battle of Lepanto - Holy League defeats Ottoman fleet,10/07/1571
Eighty Years War - William of Orange leads Dutch resistance,03/13/1572
St Bartholomew's Day Massacre - thousands of Huguenots killed in France,08/24/1572
St. Bartholomew's Day Massacre in France,08/24/1572
Tycho Brahe observes supernova,11/11/1572
Venice cedes Cyprus to Ottomans by treaty,03/07/1573
Francis Drake raids Panama for Spanish treasure,06/18/1573
Don John of Austria captures Tunis from Ottomans,10/11/1573
William of Orange leads Dutch revolt against Spain,04/08/1574
Henry III of France becomes king after Charles IX dies,05/30/1574
Ottoman Turks retake Tunis,08/03/1574
"Spanish army mutinies in Netherlands, sacks Antwerp",05/23/1575
Battle of Nagashino - Oda Nobunaga defeats Takeda cavalry with firearms,06/28/1575
Mughal Emperor Akbar meets Jesuit priests in India,12/10/1575
Martin Frobisher explores Canadian Arctic seeking Northwest Passage,08/16/1576
"Spanish Fury - Spanish sack Antwerp, killing thousands",11/04/1576
Pacification of Ghent - Dutch provinces unite against Spanish,11/08/1576
Union of Arras vs Union of Utrecht divides Spanish Netherlands,05/02/1577
"El Greco arrives in Toledo, Spain",11/08/1577
Francis Drake begins circumnavigation of the globe,12/13/1577
"Drake explores California coast, claims it for England",01/21/1578
Portuguese succession crisis begins,02/21/1578
Battle of Alcazar Quivir - Portuguese king Sebastian I killed in Morocco,08/04/1578
Union of Arras - southern Netherlands (Belgium) remains Spanish,01/06/1579
Union of Utrecht - northern Netherlands forms basis for Dutch Republic,01/23/1579
"Francis Drake completes circumnavigation of globe, returns to England",04/13/1579
"Montaigne publishes Essays, pioneering the essay form",03/23/1580
"Francis Drake completes circumnavigation, knighted by Elizabeth I",04/04/1580
"Philip II of Spain claims Portugal, creating Iberian Union",08/25/1580
Dutch declare independence from Spain,11/11/1581
Ivan IV kills his own son in a rage (Ivan Ivanovich),11/19/1581
Act of Abjuration - Dutch formally renounce Philip II as ruler,12/12/1581
"Toyotomi Hideyoshi avenges Nobunaga, begins unification of Japan",05/03/1582
Oda Nobunaga assassinated by Akechi Mitsuhide,06/21/1582
Gregorian Calendar introduced by Pope Gregory XIII,10/15/1582
Throckmorton Plot to assassinate Elizabeth I uncovered,07/19/1583
Sir Humphrey Gilbert claims Newfoundland for England,08/05/1583
British Empire begins,10/25/1583
Walter Raleigh granted patent to colonize Virginia,10/26/1583
Ivan the Terrible dies,03/18/1584
William of Orange (William the Silent) assassinated,07/10/1584
Walter Raleigh establishes first English settlement in Virginia (Roanoke),08/04/1584
Roanoke Colony first established,08/08/1585
War of the Three Henrys in France begins,10/10/1585
Drake raids Spanish Caribbean settlements,10/18/1585
Babington Plot to assassinate Elizabeth I exposed,08/05/1586
Galileo invents thermoscope (precursor to thermometer),11/20/1586
Mary Queen of Scots implicated in Babington Plot,12/08/1586
Toyotomi Hideyoshi expels Jesuit missionaries from Japan,01/15/1587
Mary Queen of Scots executed for treason,02/08/1587
"Francis Drake raids Cadiz, singing the King of Spain's beard",04/19/1587
Spanish Armada defeated by England,09/09/1588
Tycho Brahe publishes model of solar system,12/23/1588
Henry III of France assassinated by Catholic friar,08/01/1589
"Henry IV (of Navarre) becomes king of France, founding Bourbon dynasty",08/02/1589
Boris Godunov begins rise to power in Russia,09/12/1589
Toyotomi Hideyoshi completes unification of Japan,04/24/1590
"Pope Sixtus V dies, followed by rapid succession of popes",08/27/1590
Edmund Spenser publishes first books of The Faerie Queene,10/21/1590
English Elizabethan theater at height with Shakespeare,03/19/1591
Songhai Empire collapses after Moroccan invasion,07/13/1591
Sir Richard Grenville dies fighting Spanish fleet at Flores,08/31/1591
Battle of Yellow Sea - Yi Sun-sin defeats Japanese fleet,02/04/1592
"Toyotomi Hideyoshi invades Korea, Japan-Korean-Chinese war begins",03/12/1592
Battle of Sacheon - Turtle ships used by Korean Admiral Yi Sun-sin,10/22/1592
Japanese invasion of Korea continues with battles,01/02/1593
Christopher Marlowe killed in tavern brawl,05/30/1593
Henry IV of France converts to Catholicism (Paris is worth a mass),07/25/1593
Shakespeare's Romeo and Juliet first performed (approximately),02/06/1594
"Henry IV enters Paris, consolidating French throne",03/22/1594
"Gerardus Mercator, Flemish cartographer, dies",12/02/1594
"Walter Raleigh explores Guiana, South America",06/03/1595
Dutch begin competing with Portugal in East Indies trade,09/15/1595
Plague kills thousands in London,11/26/1595
Thermometer invented by Galileo/Santorio,01/09/1596
Johannes Kepler publishes Mysterium Cosmographicum,03/06/1596
Thermometer invented,05/15/1596
Tycho Brahe observes and catalogs stars precisely,05/20/1596
Battle of Crossing of Cádiz - English attack Spanish fleet,06/21/1596
"Japanese invasion of Korea fails, Hideyoshi launches second invasion",05/30/1597
"Philip II of Spain launches second Armada against England, fails",09/13/1597
Battle of Myeongnyang - Yi Sun-sin defeats massive Japanese fleet with 13 ships,10/26/1597
Philip II of Spain dies,09/13/1598
"Toyotomi Hideyoshi dies, Japanese forces withdraw from Korea",09/18/1598
Edict of Nantes grants religious freedom in France,11/01/1598
Oliver Cromwell born,04/25/1599
Globe Theatre built in London by Shakespeare's company,08/01/1599
Essex rebellion against Elizabeth I begins,12/24/1599
Giordano Bruno burned at the stake,02/19/1600
East India Company founded in England,04/17/1600
Battle of Sekigahara - Tokugawa Ieyasu wins control of Japan,10/21/1600
Battle of Sekigahara in Japan,10/21/1600
Essex Rebellion - Earl of Essex executed for treason against Elizabeth I,02/25/1601
"Tycho Brahe dies, Kepler inherits his observational data",10/24/1601
Dutch East India Company (VOC) preparations underway,11/08/1601
Dutch East India Company (VOC) founded,03/20/1602
Shakespeare writes Hamlet,08/19/1602
Dutch East India Company founded - world's first public company,12/05/1602
Dutch Empire founded,12/18/1602
Dutch begin challenging Portuguese dominance in Indian Ocean trade,12/31/1602
Edo shogunate founded,02/03/1603
"Elizabeth I of England dies, James I unites English and Scottish crowns",03/24/1603
Tokugawa Ieyasu officially becomes Shogun of Japan,08/24/1603
Plague epidemic kills thousands in London,10/24/1603
Time of Troubles begins in Russia,01/31/1604
Dutch establish trading post in Indonesia,05/27/1604
False Dmitry I claims Russian throne,10/13/1604
Cervantes publishes Don Quixote,01/06/1605
False Dmitry I becomes Tsar of Russia,10/03/1605
Gunpowder Plot to blow up English Parliament uncovered,11/05/1605
Willem Jansz becomes first European to land in Australia,02/28/1606
"False Dmitry I killed, Vasili Shuisky becomes Tsar",05/17/1606
Treaty of Zsitvatorok ends Ottoman-Habsburg war in Hungary,11/11/1606
"Bank of Genoa fails, financial crisis in Europe",05/11/1607
"Jamestown founded, first permanent English settlement in Americas",05/14/1607
"Monteverdi's L'Orfeo, first major opera, performed",07/26/1607
Bohemian Protestant revolt begins to brew,02/20/1608
Samuel de Champlain founds Quebec City for France,07/03/1608
Hans Lippershey invents telescope in Netherlands,09/18/1608
Henry Hudson explores Hudson River for Dutch,01/17/1609
Johannes Kepler publishes laws of planetary motion,05/11/1609
Galileo's astronomical observations with telescope,08/17/1609
"Galileo improves telescope, observes Jupiter's moons",08/28/1609
"Galileo publishes Sidereus Nuncius, announcing telescope discoveries",03/17/1610
Henry IV of France assassinated by Francois Ravaillac,05/14/1610
Shakespeare's The Tempest first performed,01/19/1611
King James Bible published,10/12/1611
Gustavus Adolphus becomes king of Sweden,10/30/1611
"Rudolf II, Holy Roman Emperor, dies",01/20/1612
Dutch establish trading post in Japan,02/23/1612
Matthias becomes Holy Roman Emperor,05/11/1612
"Michael Romanov elected Tsar, founding Romanov dynasty",02/21/1613
Globe Theatre burns during performance of Henry VIII,06/29/1613
Time of Troubles in Russia ends with Romanov election,10/30/1613
Pocahontas marries John Rolfe in Virginia,03/02/1614
Tokugawa shogunate bans Christianity in Japan,04/23/1614
Log tables published by John Napier,11/26/1614
Battle of Osaka - Tokugawa defeats Toyotomi clan,03/10/1615
Cardinal Richelieu begins rise to power in France,05/28/1615
Tokugawa Ieyasu consolidates shogunate control of Japan,09/23/1615
Miguel de Cervantes dies,04/22/1616
Tobacco banned by Pope Paul V,07/16/1616
William Shakespeare dies,08/27/1616
Inigo Jones designs Banqueting House in London,01/01/1617
Treaty of Stolbovo - Russia cedes Baltic territories to Sweden,02/27/1617
Tokugawa Hidetada becomes shogun of Japan,05/31/1617
Thirty Years' War begins,05/05/1618
Thirty Years War begins with Defenestration of Prague,05/23/1618
Raleigh executed by James I to appease Spain,10/29/1618
"Dutch capture Jayakarta (Jakarta), build Batavia",01/13/1619
First African slaves arrive in English North America (Virginia),08/24/1619
Ferdinand II becomes Holy Roman Emperor,08/28/1619
Francis Bacon publishes Novum Organum on scientific method,01/01/1620
Mayflower Compact signed,05/06/1620
Battle of White Mountain - Catholics defeat Bohemian Protestants,11/08/1620
"Pilgrim Fathers sail on Mayflower, found Plymouth Colony",11/11/1620
Pilgrims land at Plymouth Rock,11/21/1620
Thirty Years War continues with Catholic victories in Germany,04/12/1621
Dutch West India Company founded,06/03/1621
Massacre at Jamestown - Powhatan Confederacy attacks English settlers,03/22/1622
Cardinal Richelieu becomes chief minister of France,03/29/1622
Papal Congregation for Propagation of Faith established,07/20/1622
Amboyna Massacre - Dutch kill English merchants in Indonesia,02/21/1623
Cardinal Richelieu becomes chief minister to Louis XIII of France,04/29/1623
Shah Abbas I of Persia at height of Safavid power,05/03/1623
Virginia becomes royal colony,03/18/1624
Cardinal Richelieu becomes First Minister of France,08/13/1624
Cardinal Richelieu consolidates royal authority in France,08/29/1624
Charles I becomes king of England,03/27/1625
"Plague kills 35,000 in London",06/06/1625
"Hugo Grotius publishes De Jure Belli ac Pacis, founding international law",07/01/1625
Peter Minuit purchases Manhattan from Native Americans for Dutch,05/22/1626
New Amsterdam (New York) founded by Dutch,06/13/1626
Cardinal Richelieu defeats Huguenot rebellion in France,11/06/1626
Mughal Emperor Shah Jahan begins reign,01/18/1627
"England attempts to support Huguenots at La Rochelle, fails",06/14/1627
"Extinct aurochs die out, last specimen dies in Poland",12/27/1627
Petition of Right - English Parliament limits king's power,06/07/1628
"La Rochelle falls to Richelieu, Huguenot military power ended",10/28/1628
William Harvey publishes discovery of blood circulation,11/02/1628
Peace of Alais - Huguenots lose political privileges in France,01/21/1629
"Edict of Restitution in Thirty Years War, forcing Protestant lands to return to Catholics",03/06/1629
"Charles I dissolves Parliament, begins eleven years of personal rule",03/10/1629
Massachusetts Bay Colony founded,03/23/1630
Gustavus Adolphus of Sweden enters Thirty Years War,07/26/1630
Johan Winthrop founds Boston in New England,09/17/1630
Sack of Magdeburg - Imperial forces massacre Protestant city,05/20/1631
"Battle of Breitenfeld - Sweden defeats Imperials, key Protestant victory",09/17/1631
Shah Jahan begins Taj Mahal in memory of Mumtaz Mahal,12/30/1631
Galileo publishes Dialogue on the Two Chief World Systems,02/15/1632
Rembrandt paints The Anatomy Lesson of Dr. Nicolaes Tulp,04/22/1632
Battle of Lutzen - Sweden wins but Gustavus Adolphus killed,11/16/1632
Cardinal Richelieu forms League of Heilbronn with Protestants,04/14/1633
Galileo forced to recant heliocentrism by Inquisition,06/22/1633
Massachusetts Bay Colony becomes established Protestant community,10/05/1633
"Albrecht von Wallenstein, Imperial general, assassinated",02/25/1634
"Battle of Nordlingen - Imperials defeat Swedes, war shifts",09/06/1634
French enter Thirty Years War directly against Habsburgs,12/28/1634
"France declares war on Spain, entering Thirty Years War",05/19/1635
Peace of Prague - most German princes settle with Emperor,05/30/1635
Académie française founded in France by Richelieu,12/13/1635
Harvard College founded in Massachusetts,03/03/1636
Shimabara Rebellion of Japanese Christians,04/01/1636
Japan's sakoku (isolation) policy begins,06/07/1636
"Tulip mania crash in Netherlands, early financial bubble",02/14/1637
"Shimabara Rebellion crushed in Japan, Christianity suppressed",03/17/1637
Descartes publishes Discourse on Method,07/05/1637
Bishop's War begins - Scottish rebellion against Charles I,02/01/1638
National Covenant signed by Scots against Charles I's church policies,06/28/1638
Ottoman Sultan Murad IV recaptures Baghdad from Safavid Persia,12/25/1638
Treaty of Berwick ends first Bishops War,06/18/1639
First Bishop's War - Charles I defeated by Scots,12/03/1639
Tasman prepares to explore Southern Seas,12/26/1639
Catalan Revolt begins against Spanish crown,03/17/1640
"Long Parliament summoned, Charles I cannot dismiss it",11/03/1640
Portugal restores independence from Spain under John IV,12/01/1640
Treaty of the Hague - Spain recognizes Dutch independence,10/10/1641
Irish Rebellion - Catholic Irish revolt against Protestant settlers,10/23/1641
Grand Remonstrance - Parliament presents grievances to Charles I,12/01/1641
English Civil War begins,01/12/1642
Abel Tasman discovers New Zealand and Tasmania,06/28/1642
Battle of Edgehill - first major battle of English Civil War,10/23/1642
Rembrandt paints The Night Watch,12/10/1642
Battle of Rocroi - France defeats Spanish tercio infantry,05/19/1643
Barometer invented by Evangelista Torricelli,06/01/1643
Cardinal Mazarin becomes chief minister of France,08/22/1643
Barometer invented,09/30/1643
Oliver Cromwell's New Model Army being organized,04/20/1644
Qing dynasty replaces Ming dynasty in China,05/04/1644
Battle of Marston Moor - Parliamentarians defeat Royalists,07/02/1644
"Turks defeat Venice at Battle of Canea, take Crete",03/21/1645
Battle of Naseby - Cromwell's New Model Army defeats Charles I decisively,06/14/1645
Qing dynasty consolidates control of China,08/28/1645
Charles I surrenders to Scottish army,05/05/1646
English Civil War effectively ends with Royalist defeat,06/21/1646
"Johann van Leiden, Anabaptist king, long dead; radical sects continue",07/01/1646
"Plague kills estimated 300,000 in Naples",07/02/1647
Charles I escapes to Isle of Wight,11/10/1647
Putney Debates - Levellers argue for democracy in Cromwell's army,11/28/1647
Fronde rebellion begins in France against Cardinal Mazarin,02/14/1648
Second English Civil War - Scotland invades for Charles I,08/13/1648
Peace of Westphalia ends Thirty Years' War,10/24/1648
Taj Mahal completed in India,11/08/1648
King Charles I of England executed,01/30/1649
English Commonwealth established under Oliver Cromwell,03/14/1649
Commonwealth of England declared,05/19/1649
Cromwell suppresses Irish rebellion at Drogheda massacre,09/11/1649
Scottish Parliament proclaims Charles II as king,01/21/1650
Rene Descartes dies in Sweden,02/11/1650
Dutch colony at Cape of Good Hope established,05/08/1650
Thomas Hobbes publishes Leviathan,02/01/1651
Navigation Act - England restricts colonial trade to English ships,03/27/1651
"Battle of Worcester - Cromwell defeats Charles II, ends Civil Wars",09/03/1651
"Fronde rebellion in France ends, monarchy restored to full power",01/08/1652
Jan van Riebeeck establishes Dutch Cape Colony in South Africa,04/06/1652
First Anglo-Dutch War begins over trade rivalry,12/25/1652
Treaty of Westminster ends First Anglo-Dutch War,05/12/1653
Taj Mahal completed by Shah Jahan,06/13/1653
"Oliver Cromwell dissolves Rump Parliament, becomes Lord Protector",12/16/1653
Sweden-Denmark war begins,03/02/1654
Blaise Pascal and Fermat develop probability theory,10/24/1654
Jamaica captured by England from Spain,05/02/1655
Charles X Gustav of Sweden begins wars with Denmark and Poland,11/12/1655
Treaty of Westminster - Dutch cede New York area to English briefly,12/12/1655
Ottoman Koprulu viziers begin reforming Ottoman Empire,03/14/1656
Velazquez paints Las Meninas,06/03/1656
Battle of Warsaw - Sweden defeats Poland,07/11/1656
Aurangzeb begins struggle for Mughal succession,06/12/1657
Alliance of the Rhine formed against France,09/25/1657
Oliver Cromwell declines offer of kingship,10/17/1657
Battle of the Dunes - France and England defeat Spain,06/14/1658
"Oliver Cromwell dies, Richard Cromwell becomes Protector",09/03/1658
"Aurangzeb defeats brothers, becomes Mughal Emperor",11/20/1658
Sweden and Denmark sign Treaty of Roskilde,02/26/1659
"Richard Cromwell resigns, road to Restoration begins",05/25/1659
Peace of the Pyrenees - France and Spain settle Thirty Years War aftermath,11/07/1659
Pepys begins his famous diary,01/01/1660
"Charles II restored as king of England, monarchy returns",05/29/1660
Royal Society founded in London for scientific inquiry,11/07/1660
"Cardinal Mazarin dies, Louis XIV rules without a chief minister",03/09/1661
"Kangxi Emperor begins reign in China, long and prosperous",10/08/1661
Louis XIV begins personal rule of France,10/18/1661
Palace of Versailles construction begins,11/11/1661
Royal Charter granted to Royal Society,07/15/1662
Robert Boyle publishes Boyle's Law on gas pressure,08/29/1662
Charles II sells Dunkirk to France,12/07/1662
Colbert introduces mercantilist economic policies in France,01/12/1663
Louis XIV builds Versailles as royal palace,02/20/1663
Second Anglo-Dutch War preparations begin,05/21/1663
Second Anglo-Dutch War begins,01/12/1664
French East India Company founded by Colbert,03/06/1664
"English capture New Amsterdam from Dutch, rename it New York",09/08/1664
Battle of Lowestoft - English defeat Dutch fleet,06/13/1665
Great Plague of London,07/08/1665
Newton develops calculus while Cambridge closed for plague,10/04/1665
Battle of the Four Days Fight - Dutch defeat English at sea,06/11/1666
Great Fire of London destroys much of the city,09/02/1666
Great Fire of London,10/19/1666
"Newton observes apple, begins work on gravity (approximately)",11/24/1666
"Dutch raid English fleet in the Medway, humiliating England",06/18/1667
Treaty of Breda ends Second Anglo-Dutch War,07/31/1667
Louis XIV begins War of Devolution against Spanish Netherlands,11/30/1667
Treaty of Lisbon - Spain recognizes Portuguese independence,02/13/1668
"Triple Alliance of England, Dutch, Sweden checks France",08/04/1668
John Dryden appointed Poet Laureate of England,09/20/1668
Crete falls to Ottomans after long Venice resistance,02/02/1669
Ottoman Turks conquer Crete from Venice,09/27/1669
Rembrandt van Rijn dies,10/04/1669
Hudson's Bay Company founded in England,05/02/1670
Treaty of Dover - Charles II secretly allies with France against Dutch,05/22/1670
Blaise Pascal's Pensees published posthumously,10/20/1670
Buccaneers under Morgan sack Panama City,01/25/1671
Stenko Razin leads peasant revolt in Russia,02/08/1671
Stenko Razin captured and executed,06/20/1671
William III of Orange becomes leader of Dutch against French invasion,05/22/1672
De Witt brothers lynched by Dutch mob,08/20/1672
"Year of Disaster (Rampjaar) - France, England, Germany attack Dutch Republic",10/24/1672
Marquette and Jolliet explore Mississippi River,01/06/1673
"Third Anglo-Dutch War ends, Dutch hold on",06/02/1673
Test Act in England excludes Catholics from office,10/29/1673
Maratha Empire under Shivaji proclaimed,06/06/1674
"John Milton dies, having published Paradise Lost",11/08/1674
King Philip's War - Native Americans vs New England colonists,05/28/1675
Battle of Fehrbellin - Brandenburg defeats Sweden,06/18/1675
Royal Observatory Greenwich founded by Charles II,07/04/1675
Leibniz invents calculus independently of Newton,01/09/1676
Bacon's Rebellion in Virginia against colonial government,07/09/1676
King Philip's War ends with colonial victory over Native Americans,08/12/1676
Battle of Landskrona - Denmark defeated by Sweden,01/21/1677
Spinoza's Ethics published posthumously,01/29/1677
"William III of Orange marries Mary, daughter of James II",05/12/1677
Popish Plot scare in England - anti-Catholic hysteria,05/15/1678
John Bunyan publishes Pilgrim's Progress,06/01/1678
Peace of Nijmegen ends Franco-Dutch War,08/10/1678
"Koprulu Ahmed, grand vizier, leads Ottoman campaigns",02/16/1679
Habeas Corpus Act passed in England,05/27/1679
Exclusion Crisis in England - attempts to bar Catholic James from succession,08/30/1679
"Comet observed, Halley begins study of comets",01/23/1680
"Shivaji, founder of Maratha Empire, dies",04/03/1680
Calculus developed,05/05/1680
Pueblo Revolt - Native Americans expel Spanish from New Mexico,08/10/1680
Calculus developed by Newton and Leibniz,12/05/1680
Pennsylvania colony founded by William Penn,03/04/1681
"Tangier abandoned by English, returned to Morocco",07/23/1681
Louis XIV revokes religious freedoms granted by Edict of Nantes,08/11/1681
Halley begins observations of the comet later named after him,02/08/1682
La Salle claims Louisiana territory for France,04/09/1682
Peter the Great becomes Tsar of Russia,06/17/1682
Treaty of Fontainebleau - Huguenots face new restrictions in France,06/13/1683
Siege of Vienna - Ottoman expansion halted,06/20/1683
Ottoman defeat at Vienna begins long decline of empire in Europe,07/09/1683
"Battle of Vienna - Ottoman siege fails, Habsburgs and Poles save city",09/12/1683
Edict of Fontainebleau - Louis XIV revokes Edict of Nantes,05/21/1684
Holy League forms against Ottomans after Vienna victory,07/16/1684
Newton composes Principia Mathematica's foundations,09/20/1684
James II becomes king of England,02/06/1685
"Monmouth Rebellion against James II crushed, Bloody Assizes follow",03/01/1685
"Edict of Fontainebleau revokes Edict of Nantes, Huguenots flee France",10/18/1685
League of Augsburg formed against France,07/09/1686
Newton's Principia Mathematica ready for publication,08/19/1686
Habsburgs capture Buda from Ottomans after 145 years,09/02/1686
Isaac Newton discovers laws of motion and gravity,07/10/1687
"Battle of Mohacs (Second) - Habsburgs defeat Ottomans, retake Hungary",08/12/1687
Parthenon damaged when Venetians bomb Ottoman powder store,08/21/1687
Glorious Revolution in England,07/24/1688
Glorious Revolution - William III of Orange invited to invade England,11/05/1688
War of the League of Augsburg begins against France,11/30/1688
"James II flees England, William III and Mary II become rulers",12/23/1688
Peter the Great becomes sole ruler of Russia,03/07/1689
John Locke publishes Two Treatises of Government,06/05/1689
Treaty of Nerchinsk - Russia and China agree border,09/07/1689
"English Bill of Rights enacted, limiting royal power",12/16/1689
English Bill of Rights,12/23/1689
Salem Witch Trials begin in Massachusetts,03/03/1690
Battle of the Boyne - William III defeats James II in Ireland,07/01/1690
"Battle of Szlankamen - Habsburgs defeat Ottomans, Austria gains Transylvania",08/19/1691
Treaty of Limerick ends Jacobite resistance in Ireland,10/03/1691
Wild Geese - Irish Jacobites flee to France,10/23/1691
Massacre of Glencoe - Campbells kill MacDonalds in Scotland,02/13/1692
Battle of La Hogue - English-Dutch defeat French fleet,05/19/1692
Salem Witch Trials - 20 executed in Massachusetts,06/05/1692
College of William and Mary founded in Virginia,02/22/1693
Battle of Lagos - French defeat Allied fleet,05/02/1693
"Salem Witch Trials end, convictions overturned",05/15/1693
Bank of England founded,07/27/1694
"Death of Queen Mary II, William III rules alone",10/18/1694
Mary II of England dies of smallpox,12/28/1694
"Mustafa II becomes Ottoman Sultan, attempts reforms",04/01/1695
John Locke publishes The Reasonableness of Christianity,05/02/1695
Peter the Great begins campaigns against Ottomans,11/27/1695
Augustus the Strong becomes Elector of Saxony,05/06/1696
Peter the Great captures Azov from Ottomans,07/10/1696
Window Tax introduced in England,09/08/1696
Peter the Great's Grand Embassy tours Western Europe,04/28/1697
Battle of Zenta - Eugene of Savoy defeats Ottoman army,09/11/1697
Treaty of Ryswick ends Nine Years War against France,09/20/1697
Strelsy revolt crushed by Peter the Great,02/26/1698
"Scottish Darien scheme fails, leading to Act of Union",06/02/1698
Treaty of Karlowitz - Ottomans cede Hungary to Habsburgs,11/29/1698
Treaty of Karlowitz - major Ottoman territorial losses,01/26/1699
Peter the Great reforms Russian calendar and dress,07/07/1699
"Scottish Darien colony fails, Scotland deeply in debt",09/09/1699
"Spain: Charles II dies, triggers War of Spanish Succession",11/01/1700
Great Northern War begins - Sweden vs. Russia,11/19/1700
Battle of Narva - Charles XII of Sweden defeats Peter the Great,11/20/1700
Kingdom of Prussia proclaimed by Frederick I,01/18/1701
War of Spanish Succession begins,05/07/1701
Act of Settlement ensures Protestant succession in England,06/12/1701
Battle of Cadiz fails for English,02/20/1702
"William III dies, Anne becomes queen of England",03/08/1702
Duke of Marlborough commands allied forces against France,06/29/1702
Methuen Treaty between England and Portugal on wine trade,01/12/1703
Battle of Hochstadt - Villars wins for France,01/30/1703
Peter the Great founds Saint Petersburg,06/08/1703
Gibraltar captured by British from Spain,08/04/1704
Isaac Newton publishes Opticks,08/11/1704
Battle of Blenheim - Marlborough and Eugene of Savoy defeat France,08/13/1704
Battle of Cassano - France defeats Austria in Italy,04/08/1705
Joseph I becomes Holy Roman Emperor,05/05/1705
Halley predicts return of his comet in 1758,08/21/1705
Battle of Turin - Eugene of Savoy defeats French in Italy,09/07/1706
Benjamin Franklin begins famous kite and lightning experiments,09/18/1706
Electrostatic generator invented,11/22/1706
"Aurangzeb, last great Mughal emperor, dies",03/03/1707
Battle of Almansa - French defeat British in Spain,04/25/1707
Act of Union - England and Scotland unite as Great Britain,05/01/1707
Act of Union creates Kingdom of Great Britain,12/23/1707
Battle of Oudenarde - Marlborough defeats French in Netherlands,07/11/1708
Battle of Cape Passaro - British defeat Spanish fleet,08/04/1708
Charles XII of Sweden invades Russia,11/09/1708
Bartolomeu de Gusmão demonstrates hot air balloon concept in Lisbon,08/26/1709
Battle of Malplaquet - bloodiest battle of War of Spanish Succession,09/11/1709
Battle of Poltava - Russia defeats Sweden,09/21/1709
Christopher Wren completes St Paul's Cathedral in London,01/18/1710
Battle of Pruth - Ottomans defeat Peter the Great,07/27/1710
South Sea Company established with monopoly rights,02/14/1711
Peace of Utrecht ends War of Spanish Succession supplementary terms,09/14/1711
Treaty of Szatmár ends Hungarian uprising,10/05/1711
Jean-Jacques Rousseau born in Geneva,06/28/1712
Treaty of Utrecht negotiations begin,08/24/1712
Steam engine developed,09/12/1712
Charles XII of Sweden returns from Turkey to fight enemies,10/21/1712
Frederick the Great born in Prussia,01/24/1713
Treaty of Utrecht ends War of Spanish Succession,04/11/1713
Pragmatic Sanction - Charles VI declares undivided Habsburg succession,09/07/1713
Treaty of Rastatt completes settlement of War of Spanish Succession,03/07/1714
"Queen Anne of Britain dies, George I (Hanoverian) becomes king",08/01/1714
Fahrenheit scale introduced for measuring temperature,08/04/1714
Jacobite Rising in Scotland fails to restore Stuarts,08/30/1715
"Louis XIV, the Sun King, dies after 72-year reign",09/01/1715
Treaty of Westminster - Britain and Austria ally,02/05/1716
Battle of Petrovaradin - Eugene of Savoy defeats Ottomans,08/05/1716
Jacobite Uprising crushed at Battle of Sheriffmuir,09/09/1716
Blackbeard the pirate at height of Caribbean piracy,01/28/1717
Belgrade captured by Eugene of Savoy from Ottomans,08/16/1717
"Triple Alliance of Britain, France, Netherlands",10/28/1717
New Orleans founded by French,05/21/1718
Treaty of Passarowitz - Habsburgs gain much Ottoman territory,07/21/1718
Blackbeard killed by Royal Navy off North Carolina,11/22/1718
Principality of Liechtenstein established,01/23/1719
Daniel Defoe publishes Robinson Crusoe,10/15/1719
South Sea Company preparations for investment bubble,12/19/1719
South Sea Bubble financial crisis,02/03/1720
Plague of Marseille kills half the city's population,03/06/1720
Mississippi Company bubble collapse in France,08/19/1720
Russian Empire founded,03/30/1721
Robert Walpole becomes first Prime Minister of Britain,04/04/1721
"Treaty of Nystad ends Great Northern War, Russia gains Baltic provinces",09/10/1721
Peter the Great proclaimed Emperor of Russia,10/22/1721
Safavid dynasty of Persia collapses under Afghan invasion,09/27/1722
Peter the Great starts campaign against Persia,12/11/1722
Kangxi Emperor of China dies after 61-year reign,12/20/1722
Yongzheng Emperor begins reign in China,07/10/1723
Voltaire imprisoned in the Bastille,09/01/1723
Treaty of Charlottenburg - Anglo-Prussian alliance,12/27/1723
Immanuel Kant born,04/22/1724
"Philip V of Spain abdicates briefly, then returns to throne",11/04/1724
Treaty of Constantinople - Russia and Ottoman Empire,11/22/1724
Vitus Bering begins exploration of Siberia and Alaska,01/26/1725
"Peter the Great dies, Catherine I becomes Empress of Russia",02/08/1725
Antonio Vivaldi composes The Four Seasons,04/22/1725
Cardinal Fleury becomes chief minister of France,02/24/1726
Jonathan Swift publishes Gulliver's Travels,04/01/1726
"Voltaire travels to England, influenced by English thought",06/16/1726
Isaac Newton dies,03/20/1727
George II becomes king of Britain,06/11/1727
Coffee houses spread intellectual culture across Europe,12/28/1727
Battle of Bornstaedt - minor European conflict,03/17/1728
Vitus Bering discovers Bering Strait,08/04/1728
John Gay's Beggar's Opera first performed,08/21/1728
Bach composes St Matthew Passion,02/12/1729
North and South Carolina become separate royal colonies,07/25/1729
"Treaty of Seville between Spain, Britain and France",11/09/1729
Treaty of Vienna between Austria and Spain,03/16/1730
Nadir Shah begins rise to power in Persia,06/04/1730
Caroline of Ansbach becomes influential Queen Consort of Britain,06/21/1730
"Treaty of Vienna, Austria recognizes Pragmatic Sanction",03/16/1731
Benjamin Franklin proposes lightning rod experiments,07/19/1731
Nadir Shah defeats Ottomans and Afghans in Persia,07/30/1731
Georgia colony founded by James Oglethorpe in America,02/09/1732
Nadir Shah defeats Afghans at Battle of Damghan,07/14/1732
Benjamin Franklin publishes Poor Richard's Almanack,08/18/1732
"John Kay invents flying shuttle, key to Industrial Revolution",06/23/1733
Molasses Act restricts American trade,07/08/1733
War of Polish Succession begins,07/28/1733
War of Polish Succession continues,03/09/1734
"Battle of Bitonto - Spanish defeat Austrians, gain Naples",05/25/1734
Voltaire publishes Philosophical Letters,11/15/1734
Battle of Clausen - Austrian vs French,05/03/1735
"Carolus Linnaeus publishes Systema Naturae, founding taxonomy",06/04/1735
Treaty of Vienna ends War of Polish Succession,10/03/1735
"James Watt born in Greenock, Scotland",01/19/1736
Nadir Shah becomes Shah of Persia,03/10/1736
"Euler publishes solution to Königsberg bridge problem, founding graph theory",04/12/1736
"Grand Duke of Tuscany Giovanni Gastone de Medici dies, Medici line ends",07/09/1737
Earthquake destroys Calcutta,10/11/1737
Nadir Shah extends Persian empire into India,11/05/1737
Methodist movement founded by John Wesley,06/15/1738
Treaty of Vienna - final settlement of Polish succession,11/18/1738
Daniel Bernoulli publishes Hydrodynamica,12/24/1738
"Battle of Karnal - Nadir Shah defeats Mughal Emperor, sacks Delhi",02/13/1739
War of Jenkins Ear begins between Britain and Spain,02/22/1739
Treaty of Belgrade - Ottoman regain Belgrade from Habsburgs,09/01/1739
War of Austrian Succession begins when Frederick invades Silesia,04/21/1740
Frederick the Great becomes King of Prussia,06/27/1740
War of Austrian Succession,07/04/1740
Maria Theresa becomes Empress of Austria,10/20/1740
Handel composes Messiah oratorio,02/08/1741
Battle of Mollwitz - Prussia defeats Austria,04/10/1741
"Vitus Bering explores Alaska coast, dies on return voyage",12/19/1741
"Charles VII elected Holy Roman Emperor, briefly displacing Habsburgs",02/24/1742
Battle of Chotusitz - Frederick the Great defeats Austrians,05/17/1742
Celsius creates centigrade temperature scale,06/30/1742
Battle of Dettingen - George II last British king to command in battle,06/27/1743
Treaty of Abo - Sweden cedes Finland territory to Russia,08/07/1743
Voltaire writes Mahomet,10/29/1743
Battle of Toulon - inconclusive naval battle,02/22/1744
"Frederick the Great invades Bohemia, Second Silesian War",07/22/1744
Treaty of Fontainebleau - France and Spain ally against Britain,10/25/1744
Battle of Fontenoy - French defeat British and allies,05/11/1745
Battle of Hohenfriedberg - Frederick the Great defeats Austria,06/04/1745
Jacobite Rising - Bonnie Prince Charlie invades Britain from Scotland,08/30/1745
"Battle of Culloden - British crush Jacobite rising, Bonnie Prince Charlie flees",04/16/1746
Battle of Roucoux - French defeat allied army in Netherlands,10/11/1746
Jacobite cause effectively ended after Culloden,11/22/1746
Ahmad Shah Durrani founds Afghan Empire,06/25/1747
Battle of Lauffeld - France defeats Dutch and British,07/02/1747
William IV becomes first hereditary Stadtholder of the Netherlands,09/09/1747
Montesquieu publishes Spirit of the Laws,03/18/1748
David Hume publishes Enquiry Concerning Human Understanding,07/03/1748
Treaty of Aix-la-Chapelle ends War of Austrian Succession,10/18/1748
Ohio Company receives land grant in Ohio Valley,01/02/1749
Henry Fielding publishes Tom Jones,07/12/1749
Battle of Tanner's Creek - British defeat French and Native allies,11/14/1749
Industrial Revolution begins in Britain with coal and iron,01/27/1750
Benjamin Franklin invents lightning rod,06/28/1750
Johann Sebastian Bach dies,07/28/1750
Robert Clive takes Arcot from French-backed ruler,04/04/1751
Battle of Arni - British defeat French in India,06/26/1751
Denis Diderot begins publishing Encyclopédie in France,06/28/1751
French and British clash in Ohio Valley,02/12/1752
Benjamin Franklin's kite experiment proves lightning is electricity,08/05/1752
"Britain adopts Gregorian Calendar, skipping 11 days",09/14/1752
French establish Fort Duquesne (Pittsburgh) in Ohio Valley,01/01/1753
"Carl Linnaeus publishes Species Plantarum, foundation of plant taxonomy",05/05/1753
British Museum founded in London,06/07/1753
French and Indian War begins in North America,03/30/1754
Battle of Jumonville Glen - George Washington fires first shots of French and Indian War,05/28/1754
Albany Congress - colonies discuss unity against France,06/19/1754
Samuel Johnson publishes Dictionary of the English Language,04/14/1755
Braddock's Defeat - French and Indians destroy British force near Pittsburgh,07/09/1755
"Lisbon Earthquake kills 60,000 people on All Saints Day",11/01/1755
"Seven Years War begins, a truly global conflict",02/02/1756
Black Hole of Calcutta - British prisoners die in Nawab's prison,06/20/1756
Seven Years' War (first global war),07/20/1756
"Frederick the Great invades Saxony, starting continental war",08/16/1756
"Battle of Plassey - Robert Clive defeats Nawab, British control Bengal",06/23/1757
Battle of Rossbach - Frederick defeats French and Austrians,11/05/1757
Battle of Leuthen - Frederick defeats Austrians decisively,12/05/1757
Battle of Crefeld - British-Hanoverian victory over French,06/23/1758
Battle of Zorndorf - Frederick narrowly defeats Russia,08/25/1758
Halley's Comet returns as predicted,10/18/1758
Battle of Minden - British defeat French,08/01/1759
"Battle of Quebec (Plains of Abraham) - British defeat French, Wolfe and Montcalm killed",09/13/1759
Industrial Revolution begins in Britain,08/06/1760
Battle of Liegnitz - Frederick defeats Austrians,08/15/1760
"British capture Montreal, completing conquest of Canada",09/08/1760
Battle of Panipat (Third) - Afghans defeat Marathas,01/14/1761
Battle of Villlinghausen - British-Hanoverian victory over France,07/15/1761
Treaty of Fontainebleau - Family Compact between France and Spain,08/15/1761
"Spain enters Seven Years War, quickly loses Havana and Manila",02/23/1762
"Peter III of Russia murdered, Catherine II takes over",07/17/1762
"Treaty of Paris ends Seven Years War, Britain gains Canada and India",02/10/1763
Pontiac's War - Native American uprising against British,02/19/1763
Proclamation Line of 1763 restricts British colonial expansion,10/07/1763
Stamp Act Congress protests British taxation of colonies,03/07/1764
Mozart begins touring Europe as child prodigy,07/09/1764
James Hargreaves invents Spinning Jenny,12/27/1764
"Stamp Act passed, American colonies protest taxation without representation",03/22/1765
Stamp Act Congress in New York protests British taxes,10/19/1765
James Watt invents steam engine condenser,11/18/1765
Stamp Act repealed but Declaratory Act asserts British authority,03/18/1766
Bougainville begins voyage circumnavigating globe,11/23/1766
Cavendish identifies hydrogen as a distinct element,12/13/1766
Townshend Acts impose new taxes on American colonies,06/29/1767
Bougainville claims Tahiti for France,07/11/1767
Jesuits expelled from Spain and Spanish colonies,08/28/1767
James Cook begins first Pacific voyage on Endeavour,08/26/1768
Treaty of Fort Stanwix opens Native American lands to settlement,10/16/1768
Boston Massacre warnings begin with increased tensions,12/31/1768
Richard Arkwright patents water frame spinning machine,03/15/1769
James Cook maps New Zealand and eastern Australia,04/08/1769
James Watt's improved steam engine patented,07/13/1769
Napoleon Bonaparte born in Corsica,08/15/1769
Boston Massacre - British soldiers kill American protesters,03/05/1770
Townshend Acts repealed except tea tax,03/23/1770
"James Cook reaches eastern Australia, lands at Botany Bay",04/19/1770
Encyclopaedia Britannica first published in Edinburgh,04/25/1771
"First Partition of Poland - Russia, Prussia, Austria divide Polish territory",09/23/1771
"Gustavus III leads coup in Sweden, restores royal power",12/22/1771
Daniel Rutherford discovers nitrogen,06/12/1772
Reign of Terror of Gustav III of Sweden,07/22/1772
First Partition of Poland signed,08/05/1772
Pugachev's Rebellion - largest Cossack revolt in Russia,07/20/1773
Pope Clement XIV dissolves Society of Jesus (Jesuits),07/21/1773
Boston Tea Party - colonists dump British tea into harbor,12/16/1773
Joseph Priestley discovers oxygen (independently of Scheele),07/31/1774
Continental Congress meets in Philadelphia,09/05/1774
American Revolution begins at Lexington and Concord,04/19/1775
Submarine invented by David Bushnell,04/25/1775
Battle of Bunker Hill - British capture but with high casualties,06/17/1775
Submarine invented,07/01/1775
James Watt builds first practical steam engine,08/14/1775
United States of America founded,01/03/1776
Tom Paine publishes Common Sense advocating American independence,01/10/1776
American Declaration of Independence signed,07/04/1776
Adam Smith publishes The Wealth of Nations,07/22/1776
"George Washington crosses the Delaware, wins at Trenton and Princeton",04/12/1777
"Battle of Saratoga - American victory, France enters war",10/07/1777
Articles of Confederation drafted by Continental Congress,12/21/1777
Captain Cook discovers Hawaii,01/18/1778
France officially enters American Revolutionary War on American side,02/06/1778
War of Bavarian Succession begins between Prussia and Austria,11/26/1778
Captain Cook killed in Hawaii,02/14/1779
Spain enters American Revolutionary War against Britain,10/07/1779
"Siege of Gibraltar begins, Spain tries to retake the Rock",10/23/1779
Gordon Riots in London - anti-Catholic mob violence,06/02/1780
Battle of Camden - British defeat Americans in South Carolina,08/16/1780
Battle of Yorktown begins,11/30/1780
William Herschel discovers Uranus,03/13/1781
Immanuel Kant publishes Critique of Pure Reason,03/17/1781
"Battle of Yorktown - Cornwallis surrenders to Washington, war effectively over",10/19/1781
Treaty of Versailles negotiations begin,01/10/1782
British lose Battle of the Saintes but navy stronger,04/12/1782
Watt's steam engine transforms industry,05/06/1782
Diplomatic recognition of United States by Netherlands,12/22/1782
American Revolution ends - Treaty of Paris,01/30/1783
Montgolfier brothers launch first hot air balloon,06/04/1783
Treaty of Paris - Britain recognizes American independence,09/03/1783
William Pitt the Younger becomes British Prime Minister,12/19/1783
Treaty of Paris ratified by Continental Congress,01/14/1784
India Act - British government takes control of East India Company,07/20/1784
Shaker movement spreads in America,09/04/1784
Diplomatic relations between US and Morocco established,03/17/1785
Power loom invented by Edmund Cartwright,05/19/1785
Dollar adopted as US currency,07/06/1785
Mozart composes The Marriage of Figaro,04/24/1786
Frederick William II becomes king of Prussia,07/05/1786
Frederick the Great of Prussia dies,08/17/1786
US Constitution Convention held in Philadelphia,01/27/1787
"Dollar symbol adopted, Constitution signed",03/28/1787
First Fleet departs Britain to establish Australian penal colony,05/13/1787
US Constitution ratified,01/07/1788
"First Fleet arrives in Australia, colony established at Sydney Cove",01/26/1788
"France - Estates General called, revolution brewing",03/31/1788
George Washington inaugurated as first US President,04/30/1789
French Revolution begins - Storming of the Bastille,07/14/1789
Declaration of the Rights of Man adopted in France,08/26/1789
Louis XVI accepts constitutional monarchy in France,01/24/1790
First US Census taken,04/18/1790
Burke publishes Reflections on the Revolution in France,08/11/1790
Toussaint Louverture leads Haitian Revolution,04/17/1791
Bill of Rights added to US Constitution,07/05/1791
Mozart composes The Magic Flute then dies,12/05/1791
US Bill of Rights ratified,12/15/1791
Battle of Valmy - French revolutionary army defeats Prussians,09/20/1792
"French Republic proclaimed, King Louis XVI arrested",09/21/1792
First coalition against revolutionary France forms,10/27/1792
Louis XVI of France executed by guillotine,01/21/1793
Reign of Terror in France,09/25/1793
Reign of Terror begins in France under Committee of Public Safety,12/01/1793
Eli Whitney invents cotton gin in America,12/13/1793
Battle of Fleurus - French victory using balloon reconnaissance,06/26/1794
"Robespierre executed, Reign of Terror ends",07/28/1794
Thermidorian Reaction moderates French Revolution,10/17/1794
Treaty of Basle - Prussia and Spain make peace with France,04/05/1795
Third Partition of Poland - Poland ceases to exist as state,10/24/1795
Directory established in France,11/02/1795
Napoleon Bonaparte's Italian campaign begins,06/05/1796
Vaccination developed,07/31/1796
Edward Jenner develops smallpox vaccine,11/02/1796
Catherine the Great of Russia dies,11/17/1796
John Adams becomes second US President,03/04/1797
XYZ Affair strains US-France relations,05/08/1797
Beethoven composes early symphonies and sonatas,09/20/1797
Treaty of Campo Formio - Napoleon's peace with Austria,10/17/1797
Rebellion of 1798 in Ireland against British rule suppressed,04/10/1798
"Napoleon invades Egypt, Battle of the Pyramids",07/21/1798
Battle of the Nile - Nelson destroys French fleet in Egypt,08/01/1798
Sikh Empire founded,03/19/1799
Napoleon becomes First Consul of France,05/09/1799
Rosetta Stone discovered in Egypt by French soldiers,07/15/1799
Rosetta Stone discovered,09/14/1799
Napoleon Bonaparte seizes power in France in coup of 18 Brumaire,11/09/1799
George Washington dies at Mount Vernon,12/14/1799
Napoleon defeats Austria at Battle of Marengo,06/14/1800
Capital of US moved to Washington DC,06/19/1800
Alessandro Volta invents electric battery,06/22/1800
Electric battery invented,09/27/1800
Act of Union - Ireland joins United Kingdom of Great Britain,01/01/1801
Thomas Jefferson inaugurated as US President,03/04/1801
Concordat between Napoleon and Pope Pius VII,07/15/1801
Treaty of Amiens - peace between France and Britain (short-lived),03/27/1802
William Cobbett begins Political Register in England,07/01/1802
Napoleon becomes Consul for Life,08/02/1802
Napoleonic Wars resume after Treaty of Amiens breaks down,01/30/1803
Louisiana Purchase - US doubles in size buying from Napoleon,04/30/1803
Robert Emmet's failed rebellion in Ireland,10/07/1803
Haiti becomes first black republic after revolution against France,01/01/1804
Haitian Revolution completes - Haiti independent,01/01/1804
Lewis and Clark Expedition begins,02/05/1804
Napoleon promulgates Napoleonic Code of law,03/21/1804
Napoleon becomes Emperor of France,04/17/1804
French First Empire founded,08/12/1804
Steam locomotive invented,11/11/1804
Third Coalition against Napoleon defeated,04/16/1805
Battle of Trafalgar - Nelson defeats French-Spanish fleet,10/21/1805
Battle of Austerlitz - Napoleon defeats Austria and Russia,12/02/1805
Battle of Austerlitz - Napoleon's greatest victory,12/02/1805
Holy Roman Empire abolished by Napoleon,08/06/1806
Battle of Jena - Napoleon destroys Prussian army,10/14/1806
Continental System - Napoleon blockades British trade,12/24/1806
Treaty of Tilsit - France and Russia divide Europe,07/07/1807
Abolition of the Slave Trade Act in Britain,12/09/1807
Napoleon invades Portugal,12/09/1807
Napoleon places brother Joseph on Spanish throne,03/23/1808
Peninsular War begins - Spain and Portugal vs France,04/16/1808
Atomic theory developed,04/21/1808
Beethoven completes Fifth Symphony,11/08/1808
Abraham Lincoln and Charles Darwin born on same day,02/12/1809
Canned food invented,06/08/1809
Battle of Wagram - Napoleon defeats Austria again,07/05/1809
Battle of Talavera - British victory in Spain,07/27/1809
Napoleon marries Marie Louise of Austria,04/01/1810
Mexico begins war of independence from Spain,09/16/1810
Wellington advances in Peninsular War,10/02/1810
Napoleonic Wars at their peak,11/12/1810
Prince of Wales becomes Regent for mad George III,02/05/1811
Battle of Fuentes d'Onoro - Wellington defeats French,05/05/1811
Luddite riots in England - workers smash industrial machines,07/06/1811
Battle of Borodino - massive casualties on both sides,09/07/1812
Napoleon's Grande Armée retreats from Moscow in winter,10/15/1812
Napoleon's invasion of Russia,10/28/1812
Wellington enters France after Peninsular victories,04/25/1813
Battle of Lake Erie - US defeats British,09/10/1813
Battle of Leipzig (Battle of Nations) - Napoleon decisively defeated,10/16/1813
"Napoleon abdicates, exiled to Elba",04/11/1814
British burn Washington DC including White House,08/24/1814
Congress of Vienna begins to redraw European borders,09/01/1814
Battle of Waterloo - Wellington and Blucher defeat Napoleon,06/18/1815
Battle of Waterloo - Napoleon's final defeat,06/18/1815
Napoleon exiled to St Helena,06/29/1815
Congress of Vienna redraws European map,07/18/1815
Mary Shelley begins writing Frankenstein,01/19/1816
Argentina declares independence from Spain,07/09/1816
Year Without a Summer - Tambora eruption causes global cooling,10/20/1816
Chile declares independence from Spain,09/12/1817
Bicycle invented,10/06/1817
Erie Canal construction begins in New York,11/13/1817
James Monroe inaugurated as US President,12/14/1817
Mary Shelley publishes Frankenstein,01/01/1818
Congress of Aix-la-Chapelle - Concert of Europe meets,05/13/1818
"Chile gains independence, Battle of Chacabuco",06/06/1818
US purchases Florida from Spain for 5 million dollars,02/22/1819
Simon Bolivar defeats Spanish at Battle of Boyaca,08/07/1819
Peterloo Massacre - cavalry charge kills protesters in Manchester,08/16/1819
Gran Colombia founded,12/27/1819
Missouri Compromise in the US,02/20/1820
"Revolution of 1820 - liberal revolts in Spain, Portugal, Italy",02/26/1820
Missouri Compromise - Missouri admitted as slave state,04/08/1820
Peru and Mexico declare independence from Spain,03/06/1821
Napoleon dies in exile on St Helena,05/05/1821
Greek War of Independence begins,05/25/1821
Empire of Brazil founded,05/01/1822
Empire of Brazil declared independent,07/12/1822
"Champollion deciphers Rosetta Stone, unlocks Egyptian hieroglyphics",08/16/1822
Greek independence struggle continues,12/28/1822
Monroe Doctrine established in US foreign policy,02/13/1823
Ottoman Empire cedes much of Serbia to autonomy,10/01/1823
Monroe Doctrine - US warns European powers against American colonization,12/02/1823
Beethoven's Ninth Symphony premiered,09/15/1824
Battle of Ayacucho - Bolivar completes liberation of South America,12/09/1824
Nicholas I becomes Tsar of Russia,06/04/1825
First railroad opened between Stockton and Darlington,10/03/1825
Erie Canal opens in New York,10/26/1825
Decembrist Revolt in Russia suppressed by Nicholas I,12/26/1825
Milos Obrenovic creates autonomous Serbia under Ottoman suzerainty,03/04/1826
First photograph taken by Nicephore Niepce (approximately),08/15/1826
"Greek independence struggle continues, Byron died fighting for Greece",11/05/1826
First photograph taken by Joseph Nicephore Niepce,03/17/1827
Beethoven dies,03/26/1827
John Adams and Thomas Jefferson both die on July 4th,05/12/1827
"Battle of Navarino - Allied fleet destroys Ottoman fleet, aids Greek independence",10/20/1827
Duke of Wellington becomes British Prime Minister,01/22/1828
US-Canadian border settled at 49th parallel,02/13/1828
Noah Webster publishes American Dictionary of English Language,04/14/1828
Catholic Emancipation Act in Britain allows Catholics to hold office,04/13/1829
London Metropolitan Police founded by Robert Peel,09/29/1829
Greek independence recognized,11/15/1829
Indian Removal Act signed by Andrew Jackson,03/02/1830
July Revolution in France,03/07/1830
Indian Removal Act forces Native Americans west of Mississippi,05/28/1830
"July Revolution - Charles X overthrown in France, Louis-Philippe becomes king",07/28/1830
Belgian Revolution - Belgium gains independence from Netherlands,08/07/1830
Belgium formally recognized as independent state,07/10/1831
Nat Turner's slave rebellion in Virginia,08/21/1831
Charles Darwin begins voyage on HMS Beagle,12/27/1831
Great Reform Act extends voting rights in Britain,06/07/1832
First Reform Act in Britain,07/05/1832
Black Hawk War - final Native American resistance east of Mississippi,10/12/1832
Goethe completes Faust Part II before dying,11/07/1832
Telegraph invented,12/26/1832
Texas colonists led by Stephen Austin resist Mexican rule,03/03/1833
Abolition of slavery in British Empire,04/18/1833
Internal combustion engine invented,06/19/1833
American Anti-Slavery Society founded by William Lloyd Garrison,09/24/1833
Tolpuddle Martyrs transported to Australia for forming union,01/11/1834
Spanish Inquisition formally abolished,03/29/1834
Poor Law Amendment Act creates Victorian workhouse system in Britain,08/14/1834
Texas Revolution begins against Mexican rule,05/21/1835
Samuel Colt patents revolver,07/04/1835
Alexis de Tocqueville publishes Democracy in America,12/22/1835
Battle of the Alamo - 189 defenders killed by Mexican army,03/06/1836
Charles Darwin returns from Beagle voyage with evolution evidence,03/10/1836
Battle of San Jacinto - Texas wins independence from Mexico,04/21/1836
Panic of 1837 - US financial crisis,01/28/1837
Victoria becomes Queen of England,06/16/1837
Samuel Morse demonstrates telegraph,07/19/1837
Photography invented,09/23/1837
"People's Charter published, beginning Chartist movement in Britain",05/08/1838
Trail of Tears - Cherokee forcibly relocated from Southeast US,08/09/1838
First photograph taken of the moon,12/12/1838
Louis Daguerre announces daguerreotype photography process,01/07/1839
First Chartist petition presented to British Parliament,04/21/1839
First Opium War between Britain and China,10/11/1839
Treaty of Waitangi - Britain and Maori establish New Zealand,02/06/1840
Queen Victoria marries Prince Albert,02/10/1840
Penny Black - world's first adhesive postage stamp issued,05/01/1840
First Opium War continues with British advances in China,03/17/1841
"William Henry Harrison dies 31 days into US presidency, John Tyler succeeds",04/04/1841
David Livingstone begins African exploration,06/24/1841
"Britain's retreat from Kabul - Afghan massacre of 16,000",01/07/1842
Anesthesia first used in surgery,02/08/1842
Anesthesia demonstrated using ether,08/19/1842
"Treaty of Nanking ends First Opium War, Hong Kong ceded to Britain",08/29/1842
Great Migration of Boers begins in South Africa (Voortrekkers),10/12/1843
Oregon Trail seeing first major wagon trains to Pacific Northwest,10/26/1843
Charles Dickens publishes A Christmas Carol,12/17/1843
Samuel Morse sends first telegraph message,05/24/1844
Karl Marx and Friedrich Engels begin collaboration,08/20/1844
Bab founds Baha'i precursor faith in Persia,12/23/1844
Frederick Douglass publishes Narrative of the Life of Frederick Douglass,06/13/1845
Irish Potato Famine begins,10/17/1845
Texas annexed by United States,12/29/1845
Mexican-American War begins after US annexes Texas,05/13/1846
Oregon Treaty establishes 49th parallel border with Britain,06/15/1846
"Potato famine devastates Ireland, massive emigration begins",10/31/1846
Battle of Buena Vista - Taylor defeats Santa Anna in Mexico,02/22/1847
Liberia becomes first African republic,07/26/1847
Charlotte Bronte publishes Jane Eyre,12/30/1847
Marx and Engels publish Communist Manifesto,01/10/1848
Revolutions of 1848 across Europe,07/14/1848
Seneca Falls Convention - women's suffrage movement,07/19/1848
"Women's Rights Convention at Seneca Falls, New York",07/19/1848
California Gold Rush,08/29/1848
"Revolutions of 1848-49 fail, reactionary governments restored",03/01/1849
"Harriet Tubman escapes slavery, begins Underground Railroad work",03/20/1849
"California Gold Rush - 90,000 forty-niners head west",09/15/1849
Taiping Heavenly Kingdom rebellion begins in China,02/12/1850
Elizabeth Barrett Browning publishes Sonnets from the Portuguese,06/11/1850
California admitted as free state in Compromise of 1850,09/09/1850
"Great Exhibition held in Crystal Palace, London",05/01/1851
Herman Melville publishes Moby Dick,08/15/1851
Louis Napoleon Bonaparte seizes power in France,12/02/1851
Harriet Beecher Stowe publishes Uncle Tom's Cabin,05/16/1852
South African Republic (Transvaal) established by Boers,09/11/1852
"Crimean War begins - Russia vs Ottoman Empire, France, Britain",03/01/1853
Commodore Perry opens Japan to western trade,07/08/1853
Gadsden Purchase - US buys southern Arizona from Mexico,12/30/1853
Japan opens ports to US and Western powers,03/25/1854
Kansas-Nebraska Act - popular sovereignty on slavery in territories,05/30/1854
Battle of Balaclava - Charge of the Light Brigade,10/25/1854
Alexander II becomes Tsar of Russia,03/02/1855
Plastic invented,04/16/1855
Siege of Sevastopol - Russians capitulate to Allied forces,09/09/1855
David Livingstone discovers Victoria Falls in Africa,11/17/1855
Crimean War ends,01/23/1856
Treaty of Paris ends Crimean War,03/30/1856
"Second Opium War begins between Britain, France and China",05/12/1856
Bessemer steel-making process invented,12/05/1856
Dred Scott decision in US Supreme Court,03/06/1857
Indian Mutiny (First War of Independence) against British rule,05/10/1857
Atlantic telegraph cable laid temporarily,08/24/1857
Indian Rebellion (Sepoy Mutiny),10/21/1857
"Visions of the Virgin Mary at Lourdes, France (Bernadette)",02/11/1858
British Crown takes direct control of India from East India Company,08/02/1858
Lincoln-Douglas debates on slavery,08/14/1858
Natural selection theory published,12/19/1858
"Italy: Austro-Sardinian War, French intervention leads to Italian unification",06/13/1859
John Brown's raid on Harpers Ferry,10/16/1859
Darwin publishes On the Origin of Species,11/24/1859
Garibaldi's Expedition of the Thousand unifies southern Italy,05/30/1860
Telephone invented,08/27/1860
"Second Opium War ends, China cedes more territory and rights",10/18/1860
"Abraham Lincoln elected US President, South begins seceding",11/06/1860
Kingdom of Italy unified,02/11/1861
Tsar Alexander II emancipates Russian serfs,03/03/1861
Italy unified under Victor Emmanuel II,03/17/1861
US Civil War begins at Fort Sumter,04/12/1861
Battle of Hampton Roads - first battle of ironclad warships,03/08/1862
Battle of Antietam - bloodiest single day in American Civil War,09/17/1862
Bismarck becomes Chancellor of Prussia,09/23/1862
Emancipation Proclamation frees slaves in Confederate states,01/01/1863
Emancipation Proclamation issued by Lincoln,01/01/1863
"Battle of Gettysburg - Union victory, turning point of Civil War",07/01/1863
Battle of Gettysburg,07/01/1863
Battle of Vicksburg - Grant splits Confederacy,07/04/1863
Austro-Prussian-Danish War - Prussia and Austria take Schleswig-Holstein,03/31/1864
Sherman's March to Sea devastates Confederate heartland,06/12/1864
First Geneva Convention establishes rules of warfare,08/22/1864
"Lee surrenders to Grant at Appomattox, Civil War ends",04/09/1865
US Civil War ends,04/09/1865
Abraham Lincoln assassinated,04/14/1865
13th Amendment abolishes slavery in United States,12/06/1865
Battle of Sadowa (Koniggratz) - Prussia crushes Austria,07/03/1866
First successful transatlantic telegraph cable laid,07/27/1866
Austro-Prussian War - Prussia defeats Austria in Seven Weeks War,09/30/1866
US purchases Alaska from Russia for 7.2 million dollars,03/30/1867
Austro-Hungarian Empire founded,04/28/1867
Canadian Confederation,06/29/1867
Canada becomes a Dominion,07/01/1867
Karl Marx publishes Das Kapital Vol. 1,09/14/1867
Austro-Hungarian Compromise creates Dual Monarchy,11/21/1867
"Meiji Restoration - Japan modernizes, imperial power restored",01/03/1868
14th Amendment grants citizenship to freed slaves in US,02/17/1868
Treaty of Burlingame opens China to US immigration,05/19/1868
Meiji Restoration in Japan,12/23/1868
Frozen food invented,12/29/1868
Transcontinental railroad completed in US,05/10/1869
Mahatma Gandhi born in India,10/02/1869
"Suez Canal opens, connecting Mediterranean to Red Sea",11/17/1869
Suez Canal opens,11/17/1869
Standard Oil founded by John D. Rockefeller,04/08/1870
"Franco-Prussian War begins, Napoleon III captured at Sedan",07/19/1870
French Third Republic proclaimed after Napoleon III captured,09/04/1870
Papal States absorbed into unified Italy,09/20/1870
German Empire proclaimed at Versailles under Wilhelm I,01/18/1871
Paris Commune,02/17/1871
Paris Commune uprising and brutal suppression,03/18/1871
German Empire founded,04/11/1871
Treaty of Frankfurt ends Franco-Prussian War,05/10/1871
Yellowstone established as first US National Park,03/01/1872
Jules Verne publishes Around the World in 80 Days,04/02/1872
Bismarck's Kulturkampf against Catholic Church in Germany,12/10/1872
Stanley meets Livingstone in Africa,01/06/1873
Zanzibar slave market closed under British pressure,06/05/1873
Panic of 1873 - global economic depression,09/22/1873
British annex Fiji Islands,02/19/1874
Benjamin Disraeli becomes British Prime Minister,02/20/1874
Impressionism emerges with first exhibition in Paris,04/15/1874
Sino-Japanese tensions grow over Korea,04/01/1875
Britain buys controlling interest in Suez Canal from Egypt,08/17/1875
Third Republic in France adopts Constitution,12/13/1875
Telephone invented by Alexander Graham Bell,01/28/1876
Korea opened to trade under Japanese pressure,02/25/1876
"Battle of Little Bighorn - Custer's Last Stand, Sioux defeat US cavalry",06/25/1876
Queen Victoria proclaimed Empress of India,01/01/1877
Thomas Edison invents phonograph,05/14/1877
"Russo-Turkish War - Russia defeats Ottomans, Bulgaria gains autonomy",07/22/1877
Congress of Berlin settles Balkan question after Russo-Turkish war,02/25/1878
Treaty of Berlin - Russia's Balkan gains reduced,07/13/1878
Britain occupies Cyprus in exchange for Ottoman Alliance,09/01/1878
"Anglo-Zulu War - Isandlwana massacre of British forces, then Zulu defeated",01/22/1879
Albert Einstein born,03/14/1879
Thomas Edison invents practical incandescent light bulb,10/21/1879
Edison invents the light bulb,10/27/1879
France establishes protectorate over Tahiti,01/20/1880
First Boer War begins in South Africa,05/20/1880
Gladstone becomes British Prime Minister again,12/16/1880
Battle of Majuba Hill - Boers defeat British,02/27/1881
Tsar Alexander II of Russia assassinated,03/13/1881
"Garfield assassinated, Chester Arthur becomes US President",09/19/1881
Robert Koch identifies tuberculosis bacterium,03/24/1882
"Triple Alliance formed - Germany, Austria-Hungary, Italy",05/20/1882
Britain occupies Egypt,06/10/1882
Brooklyn Bridge opens in New York,05/24/1883
Otto von Bismarck introduces health insurance in Germany,08/13/1883
"Krakatoa volcano erupts, causing global effects",08/27/1883
Mark Twain publishes Adventures of Huckleberry Finn,07/24/1884
Berlin Conference divides Africa among European powers,07/30/1884
"Maxim gun invented, revolutionizing warfare",12/06/1884
Fall of Khartoum - Gordon killed by Mahdist forces in Sudan,01/26/1885
Carl Benz patents first true automobile,01/29/1885
Indian National Congress founded,12/28/1885
Haymarket Affair in Chicago during labor protests,05/04/1886
Statue of Liberty dedicated in New York,08/23/1886
"Geronimo surrenders, Apache resistance in US ends",09/04/1886
Scramble for Africa intensifies among European powers,02/04/1887
Sherlock Holmes first appears in A Study in Scarlet,03/04/1887
Queen Victoria's Golden Jubilee,06/21/1887
Brazil abolishes slavery (last country in Western Hemisphere),05/13/1888
Karl Benz demonstrates his automobile publicly,07/20/1888
Jack the Ripper murders in London,12/03/1888
Oklahoma Land Rush opens Indian Territory to settlers,04/22/1889
Eiffel Tower completed in Paris,04/23/1889
"Brazil becomes republic, Emperor Pedro II deposed",11/15/1889
Bismarck dismissed by Kaiser Wilhelm II,03/18/1890
US Census declares frontier closed,09/23/1890
Wounded Knee Massacre - US cavalry kills 250 Sioux,12/29/1890
Wounded Knee massacre,12/29/1890
US Carnegie Hall opens in New York,05/05/1891
Pope Leo XIII issues Rerum Novarum on workers' rights,05/15/1891
Trans-Siberian Railway construction begins,05/31/1891
Ellis Island opens as US immigration center,01/01/1892
Homestead Strike at Carnegie Steel,07/12/1892
Diesel engine invented by Rudolf Diesel,12/23/1892
Panic of 1893 - US financial crisis,02/14/1893
World's Columbian Exposition (Chicago World's Fair),05/01/1893
New Zealand first country to grant women right to vote,09/19/1893
Dreyfus Affair begins in France - wrongful treason conviction,06/08/1894
Sino-Japanese War begins over Korea,08/01/1894
Nicholas II becomes last Tsar of Russia,11/01/1894
"Japan defeats China in Sino-Japanese War, gains Korea and Taiwan",04/17/1895
Wilhelm Röntgen discovers X-rays,11/08/1895
Lumiere brothers show first motion picture publicly,12/28/1895
"Battle of Adwa - Ethiopia defeats Italy, preserving independence",03/01/1896
First modern Olympic Games held in Athens,04/06/1896
Marconi patents wireless telegraph,08/21/1896
"Theodore Herzl publishes The Jewish State, founding modern Zionism",03/27/1897
Queen Victoria's Diamond Jubilee,06/22/1897
"First Zionist Congress in Basel, Switzerland",08/29/1897
"Spanish-American War - US defeats Spain, gains Cuba, Puerto Rico, Philippines",04/21/1898
Fashoda Incident - France and Britain near war over Sudan,04/30/1898
"Battle of Omdurman - Kitchener defeats Mahdists, retakes Sudan for Britain",09/02/1898
Spanish-American War,12/09/1898
Hague Convention on Laws of War,08/17/1899
Boxer Rebellion begins in China against foreign influence,10/05/1899
Boxer Rebellion in China attacks foreign embassies,06/27/1900
Boxer Rebellion in China suppressed,07/01/1900
"International Relief Force captures Beijing, ends Boxer Rebellion",08/14/1900
Sigmund Freud publishes Interpretation of Dreams,11/05/1900
"Queen Victoria dies, Edward VII becomes king of Britain",01/22/1901
Queen Victoria dies,01/22/1901
Theodore Roosevelt becomes US President after McKinley assassination,09/14/1901
Assembly line introduced,12/01/1901
First Nobel Prizes awarded,12/10/1901
Cuba gains independence from US protectorate,05/20/1902
"Treaty of Vereeniging ends Boer War, Boers accept British rule",05/31/1902
Enrico Caruso makes first commercial gramophone recording,09/09/1902
Airplane invented,03/17/1903
Ford Motor Company founded by Henry Ford,06/16/1903
Panama separated from Colombia with US backing,11/03/1903
Wright Brothers first powered flight,12/17/1903
"Russo-Japanese War begins, Japan attacks Port Arthur",02/08/1904
Russo-Japanese War - Japan defeats Russia,04/07/1904
Entente Cordiale between France and Britain,04/08/1904
New York City subway opens,10/27/1904
Russian Revolution of 1905 after Bloody Sunday massacre,01/22/1905
Battle of Tsushima - Japan destroys Russian fleet,05/27/1905
Albert Einstein publishes special theory of relativity,06/30/1905
Special relativity published,09/30/1905
"Dreadnought launched, transforming naval warfare",02/10/1906
Algeciras Conference resolves first Moroccan crisis,04/07/1906
San Francisco earthquake,04/18/1906
Animation (film) created,04/19/1906
"Triple Entente formed - France, Britain, Russia",08/31/1907
New Zealand becomes Dominion within British Empire,09/26/1907
Oklahoma becomes 46th US state,11/16/1907
Model T Ford introduced,03/14/1908
Young Turk Revolution in Ottoman Empire,07/24/1908
Henry Ford introduces Model T automobile,10/01/1908
"Austria-Hungary annexes Bosnia-Herzegovina, crisis with Serbia",10/06/1908
William Taft inaugurated as US President,03/04/1909
Robert Peary reaches North Pole,04/06/1909
Louis Bleriot makes first flight across English Channel,07/25/1909
George V becomes king of Britain after Edward VII dies,05/06/1910
Mexican Revolution begins under Francisco Madero,06/18/1910
Japan annexes Korea as colony,08/29/1910
Aircraft carrier developed,07/30/1911
"Chinese Revolution - Qing dynasty overthrown, Republic established",10/10/1911
Agadir Crisis - second Moroccan crisis between France and Germany,11/29/1911
Roald Amundsen reaches South Pole,12/14/1911
New Mexico and Arizona admitted as US states,02/14/1912
"Titanic sinks on maiden voyage, 1,500 killed",04/15/1912
Titanic sinks,04/15/1912
First Balkan War - Balkan states defeat Ottoman Empire,10/08/1912
16th and 17th Amendments to US Constitution (income tax and direct Senate elections),04/02/1913
"Ford introduces moving assembly line, revolutionizing manufacturing",05/25/1913
Second Balkan War - former allies fight over spoils,06/27/1913
Battle of the Marne halts German advance,05/24/1914
"Archduke Franz Ferdinand assassinated, World War I begins",06/28/1914
World War I begins,07/28/1914
"Germany declares war on Russia and France, invades Belgium",08/01/1914
Britain declares war on Germany over Belgium invasion,08/04/1914
Gallipoli Campaign,02/17/1915
Germany uses poison gas at Second Battle of Ypres,04/22/1915
Armenian Genocide begins under Ottoman government,04/24/1915
Gallipoli campaign - Allied attempt to open Dardanelles fails,04/25/1915
Tanks used in warfare,01/30/1916
Battle of Verdun - France and Germany bleed each other white,02/21/1916
Easter Rising in Ireland against British rule,04/24/1916
Battle of the Somme - over 1 million casualties,07/01/1916
Battle of the Somme,07/01/1916
Russian Revolution - Tsar Nicholas II abdicates,03/16/1917
US enters World War I,04/06/1917
Balfour Declaration on Jewish homeland,11/02/1917
Bolshevik Revolution in Russia,11/07/1917
"Ottoman, Austro-Hungarian, and German empires collapse",05/01/1918
Spanish flu pandemic kills 50-100 million,09/30/1918
World War I ends with Armistice on the 11th hour of 11th day of 11th month,11/11/1918
Armistice Day ends World War I,11/11/1918
Amritsar Massacre - British kill hundreds of Indian protesters,04/13/1919
Treaty of Versailles signed,06/28/1919
League of Nations begins operation,01/10/1920
League of Nations founded,05/13/1920
Penicillin discovered,06/27/1920
19th Amendment - women's suffrage in US,08/18/1920
Irish War of Independence intensifies under Michael Collins,09/23/1920
Chinese Communist Party founded,07/01/1921
Washington Naval Conference limits warship sizes,11/03/1921
"Irish Free State negotiations, Anglo-Irish Treaty signed",12/06/1921
Ottoman Empire dissolved,03/26/1922
Soviet Union founded,05/03/1922
Irish Civil War begins between pro and anti-treaty factions,06/19/1922
"Mussolini's March on Rome, Fascists take power in Italy",10/28/1922
Fascist Italy established,12/22/1922
Soviet Union formally established,12/30/1922
Great Kanto Earthquake destroys Tokyo and Yokohama,09/01/1923
Turkish Republic proclaimed by Mustafa Kemal Ataturk,10/29/1923
Republic of Turkey founded,10/29/1923
Hitler's Beer Hall Putsch in Munich fails,11/08/1923
"Lenin dies, power struggle begins in Soviet Union",01/21/1924
First Labour government in Britain under Ramsay MacDonald,01/22/1924
Dawes Plan restructures German war reparations,08/23/1924
Benito Mussolini declares himself dictator of Italy,01/03/1925
Scopes Monkey Trial in Tennessee on teaching evolution,07/09/1925
Locarno Treaties - Germany reconciles with western neighbors,10/16/1925
General Strike in Britain paralyzes country for nine days,05/04/1926
Roald Amundsen flies over North Pole in airship,05/12/1926
Hirohito becomes Emperor of Japan,12/25/1926
"Stalin consolidates power in USSR, Trotsky expelled from party",02/11/1927
Charles Lindbergh makes first solo transatlantic flight,05/20/1927
The Jazz Singer - first talking motion picture,10/06/1927
Penicillin discovered by Alexander Fleming,05/06/1928
DNA structure described by Oswald Avery,05/06/1928
Women over 21 get full voting rights in Britain,07/02/1928
Sliced bread invented,08/01/1928
Kellogg-Briand Pact renounces war as instrument of policy,08/27/1928
DNA structure identified,11/17/1928
Lateran Treaty - Vatican City established as independent state,02/11/1929
Great Depression begins,10/19/1929
"Wall Street Crash, beginning Great Depression",10/24/1929
Black Thursday - Wall Street Crash,10/24/1929
Museum of Modern Art opens in New York City,11/07/1929
Pluto discovered by Clyde Tombaugh,02/18/1930
"Mahatma Gandhi leads Salt March, defying British salt tax",03/12/1930
Stalin begins forced collectivization in Soviet Union,05/08/1930
"Spain becomes Republic, King Alfonso XIII abdicates",04/14/1931
Empire State Building opens in New York City,05/01/1931
"Japan invades Manchuria, beginning long conflict with China",09/18/1931
Television demonstrated by John Logie Baird,02/07/1932
Lindbergh baby kidnapped and murdered,03/01/1932
Television invented,08/26/1932
Stalin's Soviet famine kills millions in Ukraine (Holodomor),10/24/1932
Franklin Roosevelt elected US President in landslide,11/08/1932
Hitler becomes Chancellor of Germany,01/30/1933
Roosevelt's New Deal begins to address Great Depression,02/02/1933
"Reichstag fire, Enabling Act gives Hitler dictatorial powers",02/27/1933
Nazi Germany established,08/25/1933
Night of the Long Knives - Hitler purges SA leadership,06/30/1934
Long March begins - Mao's Communist army retreats across China,10/16/1934
Stalin's Great Purge begins,11/10/1934
Social Security Act passed in United States,08/14/1935
Nuremberg Laws strip Jews of German citizenship,09/15/1935
Italy invades Ethiopia (Abyssinia),10/03/1935
German troops remilitarize Rhineland,03/07/1936
"Berlin Olympics, Jesse Owens wins four gold medals",08/01/1936
Spanish Civil War begins,11/21/1936
Hindenburg airship disaster in New Jersey,05/06/1937
Japan invades China - Second Sino-Japanese War begins,12/09/1937
"Nanjing Massacre - Japanese troops kill 200,000+ Chinese civilians",12/13/1937
Anschluss - Germany annexes Austria,03/12/1938
Munich Agreement - Britain and France allow Germany to take Sudetenland,09/30/1938
Munich Agreement appeases Hitler,09/30/1938
Kristallnacht - Nazi pogrom against Jews in Germany,11/09/1938
Computer invented,03/05/1939
Spanish Civil War ends with Franco's victory,04/01/1939
Soviet-German Non-Aggression Pact (Molotov-Ribbentrop),08/23/1939
World War II begins - Germany invades Poland,09/01/1939
"France falls to Germany, Dunkirk evacuation",05/03/1940
Battle of Britain,07/22/1940
Battle of Britain - RAF defeats Luftwaffe,08/13/1940
Trotsky assassinated in Mexico on Stalin's orders,08/21/1940
Germany invades Soviet Union (Operation Barbarossa),06/22/1941
"Siege of Leningrad begins, lasting 872 days",09/08/1941
Pearl Harbor attack - US enters World War II,12/07/1941
Wannsee Conference - Nazis plan Holocaust (Final Solution),01/20/1942
Nuclear reactor built,03/13/1942
"Battle of Midway - US defeats Japanese navy, turning point in Pacific",06/04/1942
Battle of Stalingrad,07/09/1942
"Battle of Stalingrad begins, turning point on Eastern Front",08/23/1942
German 6th Army surrenders at Stalingrad,02/02/1943
Holocaust - Nazi Germany's genocide of Jewish people,02/09/1943
Allied invasion of Sicily and Italy begins,07/09/1943
Mussolini overthrown and arrested,07/25/1943
D-Day - Allied invasion of Normandy,06/06/1944
Liberation of Paris from Nazi occupation,08/25/1944
Battle of the Bulge - last major German offensive in West,12/16/1944
Nuremberg Trials begin,02/03/1945
United Nations formed,05/15/1945
Nuclear weapon developed,06/17/1945
Atomic bomb dropped on Hiroshima,08/06/1945
World War II ends in Pacific (VJ Day),08/15/1945
World War II ends,09/02/1945
Winston Churchill's Iron Curtain speech,03/05/1946
Philippines gains independence from US,07/04/1946
Nuremberg Trials result in execution of Nazi war criminals,10/16/1946
Dead Sea Scrolls discovered in Qumran caves,02/10/1947
Marshall Plan announced to rebuild Europe,06/05/1947
Transistor invented,07/19/1947
India and Pakistan gain independence from Britain,08/15/1947
Indian independence and partition,08/15/1947
Berlin Blockade begins,01/16/1948
Marshall Plan aids European recovery,04/12/1948
State of Israel declared,05/14/1948
Israel declares independence,05/14/1948
Berlin Airlift counters Soviet blockade of West Berlin,06/26/1948
Universal Declaration of Human Rights adopted by UN,12/10/1948
NATO founded as western defense alliance,04/04/1949
NATO established,04/04/1949
West Germany (Federal Republic) officially established,05/23/1949
People's Republic of China proclaimed by Mao Zedong,10/01/1949
People's Republic of China founded,11/05/1949
McCarthy era - Red Scare in US,06/19/1950
Korean War begins with North Korea invading South,06/25/1950
Korean War begins,06/25/1950
"McCarthy era begins, anti-Communist hearings in US",07/16/1950
"China enters Korean War, pushing UN forces back",10/19/1950
General MacArthur fired by Truman for insubordination,04/11/1951
Japanese Peace Treaty signed at San Francisco,09/08/1951
Libya gains independence from Italy and Britain,12/24/1951
Elizabeth II becomes queen of Britain after George VI dies,02/06/1952
Egyptian Revolution - Nasser overthrows King Farouk,07/23/1952
US tests first hydrogen bomb at Eniwetok Atoll,11/01/1952
"Stalin dies, power struggle begins in USSR",03/05/1953
DNA double helix structure discovered by Watson and Crick,04/25/1953
Edmund Hillary and Tenzing Norgay summit Mount Everest,05/29/1953
Korean War ends with armistice,07/27/1953
Battle of Dien Bien Phu - France defeated by Viet Minh in Vietnam,05/07/1954
Geneva Accords partition Vietnam at 17th parallel,07/21/1954
Brown v. Board of Education - school segregation outlawed in US,09/25/1954
Warsaw Pact established,01/08/1955
West Germany joins NATO,05/09/1955
Warsaw Pact formed as Soviet-bloc military alliance,05/14/1955
"Rosa Parks refuses to give up bus seat, Montgomery Bus Boycott begins",12/01/1955
Montgomery Bus Boycott begins,12/01/1955
Hungarian Revolution crushed by Soviet Union,01/05/1956
Khrushchev denounces Stalin's crimes at 20th Party Congress,02/25/1956
"Suez Crisis - Egypt nationalizes canal, Britain and France invade then withdraw",10/29/1956
Ghana becomes first sub-Saharan African nation to gain independence,03/06/1957
Treaty of Rome founds European Economic Community,03/25/1957
Satellite launched,06/19/1957
Space Race begins,07/16/1957
"Soviet Union launches Sputnik, first artificial satellite",10/04/1957
Sputnik 1 - first satellite launched,10/04/1957
NASA established in United States,07/29/1958
"Great Leap Forward begins in China, catastrophic famine follows",09/19/1958
"Charles de Gaulle returns to power, Fifth French Republic founded",10/04/1958
Cuban Revolution - Fidel Castro takes power,01/01/1959
"Tibet uprising crushed by China, Dalai Lama flees to India",03/11/1959
Alaska and Hawaii become 49th and 50th US states,06/08/1959
"Congo, Nigeria, and many African nations gain independence",01/20/1960
Sharpeville Massacre - South Africa kills 69 Black protesters,03/21/1960
U-2 spy plane shot down over Soviet Union,05/01/1960
Yuri Gagarin becomes first human in space,04/12/1961
Bay of Pigs invasion fails,04/17/1961
"Berlin Wall built, dividing East and West Berlin",08/13/1961
Berlin Wall constructed,08/13/1961
John Glenn becomes first American to orbit Earth,02/20/1962
Algerian independence from France,07/03/1962
Cuban Missile Crisis brings world to brink of nuclear war,10/16/1962
Cuban Missile Crisis,10/16/1962
Partial Nuclear Test Ban Treaty signed,08/05/1963
Martin Luther King Jr. delivers 'I Have a Dream' speech,08/28/1963
John F. Kennedy assassinated,11/22/1963
Beatles arrive in America,02/07/1964
Nelson Mandela sentenced to life imprisonment in South Africa,06/12/1964
Civil Rights Act passes in United States,07/02/1964
Civil Rights Act signed in US,07/02/1964
"Gulf of Tonkin incident, US escalates Vietnam War",08/02/1964
Malcolm X assassinated in New York,02/21/1965
US sends combat troops to Vietnam,03/08/1965
Voting Rights Act passes in United States,08/06/1965
Vietnam War escalates - US ground troops deployed,12/03/1965
Indira Gandhi becomes Prime Minister of India,01/19/1966
France withdraws from NATO military command,02/06/1966
Cultural Revolution begins in China,08/01/1966
"Summer of Love in San Francisco, counterculture peak",05/26/1967
"Six Day War - Israel defeats Arab neighbors, takes territories",06/05/1967
Six-Day War in the Middle East,06/05/1967
Che Guevara killed in Bolivia,10/09/1967
Tet Offensive shakes US confidence in Vietnam War,01/30/1968
Martin Luther King Jr. assassinated,04/04/1968
Prague Spring crushed by Soviet invasion,08/21/1968
Moon landing,06/26/1969
Apollo 11 - Neil Armstrong and Buzz Aldrin walk on the Moon,07/20/1969
"Woodstock music festival attracts 400,000",08/15/1969
Woodstock Festival,08/15/1969
"Nixon begins Vietnamization, withdrawal of US troops from Vietnam",12/14/1969
"Earth Day first celebrated, environmental movement grows",04/22/1970
Kent State shooting - National Guard kills 4 students,05/04/1970
"Salvador Allende elected in Chile, first Marxist president",11/03/1970
Space station launched,04/13/1971
"Pentagon Papers revealed, exposing Vietnam War deception",06/13/1971
"China takes UN seat, Taiwan expelled",10/25/1971
"Bangladesh liberation war, Pakistan splits",12/16/1971
"Nixon visits China, normalizing relations",02/21/1972
Nixon visits China,02/21/1972
Watergate break-in begins Nixon's downfall,06/17/1972
Watergate break-in,06/17/1972
Munich Olympics - Palestinian terrorists kill 11 Israeli athletes,09/05/1972
Munich Olympics massacre,09/05/1972
"US withdraws from Vietnam, Paris Peace Accords",01/27/1973
Chile coup - Pinochet overthrows and kills Allende with US backing,09/11/1973
Yom Kippur War - Arab states attack Israel,10/06/1973
Yom Kippur War,10/06/1973
Portugal's Carnation Revolution ends 48 years of dictatorship,04/25/1974
"India tests nuclear weapon, becomes sixth nuclear power",05/18/1974
Nixon resigns due to Watergate scandal,08/09/1974
Khmer Rouge genocide in Cambodia,04/19/1975
"Fall of Saigon, Vietnam War ends with communist victory",04/30/1975
Saigon falls - Vietnam War ends,04/30/1975
Helsinki Accords on human rights and European borders,08/01/1975
Apple Computer founded by Steve Jobs and Steve Wozniak,04/01/1976
Apple Computer founded,05/07/1976
Soweto Uprising - South African students protest apartheid,06/16/1976
"Mao Zedong dies, Gang of Four arrested",09/09/1976
"Star Wars released, pop culture phenomenon",05/25/1977
Deng Xiaoping returns to power in China,08/25/1977
"Egypt's Anwar Sadat visits Israel, peace process begins",11/19/1977
First test-tube baby Louise Brown born,07/25/1978
Camp David Accords - Egypt and Israel peace agreement,09/17/1978
"Pope John Paul II elected, first non-Italian pope in 455 years",10/16/1978
"Iranian Revolution - Shah overthrown, Ayatollah Khomeini takes power",02/11/1979
Margaret Thatcher becomes Britain's first female Prime Minister,05/04/1979
Iranian hostage crisis begins,11/04/1979
Soviet invasion of Afghanistan,12/24/1979
Iranian Revolution - Shah overthrown,12/24/1979
Solidarity trade union founded in Poland by Lech Walesa,08/31/1980
"Iran-Iraq War begins, lasting 8 years",09/22/1980
Solidarity movement in Poland challenges communism,10/20/1980
John Lennon assassinated in New York,12/08/1980
Reagan shot in assassination attempt,03/30/1981
AIDS epidemic recognized as public health crisis,06/05/1981
AIDS epidemic recognized,06/05/1981
IBM introduces personal computer,08/12/1981
IBM PC introduced,09/22/1981
Falklands War,04/14/1982
"Israel invades Lebanon, PLO expelled from Beirut",06/06/1982
Falklands War - Britain defeats Argentina over Falkland Islands,06/14/1982
Sabra and Shatila massacre of Palestinian refugees in Lebanon,09/16/1982
Reagan proposes Strategic Defense Initiative (Star Wars),03/23/1983
US invades Grenada,07/24/1983
Soviet shoot down Korean Air Lines Flight 007,09/01/1983
"US Marine barracks bombed in Beirut, 241 killed",10/23/1983
Famine in Ethiopia kills over a million,07/12/1984
"Indira Gandhi assassinated, anti-Sikh riots in India",10/31/1984
Bhopal chemical disaster kills thousands in India,12/03/1984
"Mikhail Gorbachev becomes Soviet leader, begins reforms",03/11/1985
Live Aid concert raises millions for African famine relief,07/13/1985
Ozone hole over Antarctica discovered,11/30/1985
Space Shuttle Challenger explodes after launch,01/28/1986
Iran-Contra affair revealed,02/17/1986
Chernobyl nuclear disaster,04/26/1986
Black Monday stock market crash,10/19/1987
INF Treaty - US and USSR agree to eliminate intermediate nuclear missiles,12/08/1987
First Palestinian intifada begins against Israeli occupation,12/09/1987
Soviet Union begins withdrawal from Afghanistan,05/15/1988
Iran-Iraq War ends after eight years,08/20/1988
"Pan Am Flight 103 bombed over Lockerbie, Scotland",12/21/1988
Tiananmen Square Massacre - China crushes pro-democracy movement,06/04/1989
Tiananmen Square protests and massacre,06/04/1989
"Revolutions sweep Eastern Europe, communist regimes fall",11/02/1989
"Berlin Wall falls, Germany begins reunification",11/09/1989
Berlin Wall falls,11/09/1989
Nelson Mandela freed after 27 years in prison,02/11/1990
"Iraq invades Kuwait, Gulf War begins",08/02/1990
Reunification of Germany,10/03/1990
Gulf War - US-led coalition expels Iraq from Kuwait,01/17/1991
Gulf War - Operation Desert Storm,01/17/1991
Yugoslav Wars begin,05/11/1991
Yugoslavia begins violent breakup,06/25/1991
World Wide Web invented by Tim Berners-Lee,10/09/1991
"Soviet Union dissolved, 15 independent states emerge",12/25/1991
Soviet Union dissolves,12/25/1991
"Bosnian War begins, siege of Sarajevo starts",04/05/1992
LA Riots after Rodney King verdict,04/29/1992
Bill Clinton elected US President,11/03/1992
Maastricht Treaty creates European Union,12/16/1992
World Trade Center bombed for first time,02/26/1993
Waco siege ends with fire killing Branch Davidians,04/19/1993
Oslo Accords - Israel and PLO recognize each other,09/13/1993
Oslo Accords signed,09/13/1993
North American Free Trade Agreement (NAFTA) takes effect,01/01/1994
"Rwandan Genocide - 800,000 Tutsis killed in 100 days",04/06/1994
Rwandan genocide,04/07/1994
Nelson Mandela elected President of South Africa,05/10/1994
Oklahoma City bombing,04/19/1995
"Srebrenica Massacre - Serbs kill 8,000 Bosniak Muslims",07/11/1995
Israeli Prime Minister Yitzhak Rabin assassinated,11/04/1995
Dolly the sheep cloned,07/09/1996
First Chechen War ends,08/31/1996
"Taliban seizes Kabul, establishes Islamic Emirate of Afghanistan",09/27/1996
Hong Kong returned to China,07/01/1997
Asian Financial Crisis devastates Southeast Asian economies,07/21/1997
Princess Diana killed in car crash,08/31/1997
Good Friday Agreement in Northern Ireland,04/10/1998
India and Pakistan test nuclear weapons,05/17/1998
Google founded by Larry Page and Sergey Brin,09/04/1998
Euro currency introduced,01/01/1999
Columbine High School shooting in Colorado,04/20/1999
NATO bombing of Yugoslavia,04/22/1999
Y2K preparations for feared millennium computer bug,12/22/1999
Y2K computer glitch causes no major problems worldwide,01/01/2000
Vladimir Putin becomes President of Russia,03/26/2000
Y2K scare,08/19/2000
George W Bush wins disputed US presidential election,11/07/2000
Wikipedia founded,01/15/2001
September 11 terrorist attacks on World Trade Center and Pentagon,09/11/2001
September 11 terrorist attacks in US,09/11/2001
US invades Afghanistan,10/07/2001
Euro coins and banknotes enter circulation in 12 EU countries,01/01/2002
Euro coins and notes introduced,01/01/2002
International Criminal Court established,07/01/2002
Bali bombings kill 202 people,10/12/2002
US invades Iraq based on false claims of WMD,03/20/2003
US-led invasion of Iraq begins,03/20/2003
Human Genome Project completed,04/14/2003
SARS epidemic spreads from China to global alarm,05/08/2003
SARS outbreak identified,08/22/2003
Facebook launched,02/04/2004
European Union expands to 25 countries,05/01/2004
Orange Revolution in Ukraine protests rigged election,11/22/2004
"Indian Ocean tsunami kills 230,000 people on Boxing Day",12/26/2004
Indian Ocean earthquake and tsunami,12/26/2004
YouTube founded,02/14/2005
"Pope John Paul II dies, Benedict XVI elected",04/02/2005
London bombings on 7 July kill 52,07/07/2005
Hurricane Katrina devastates New Orleans,08/29/2005
Twitter founded,03/21/2006
North Korea conducts first nuclear test,10/09/2006
Saddam Hussein executed by hanging,12/30/2006
iPhone introduced by Apple,01/09/2007
"iPhone introduced by Apple, transforming mobile technology",01/09/2007
Kosovo declares independence from Serbia,08/24/2007
Global financial crisis begins with US mortgage market collapse,12/16/2007
Russia invades Georgia,08/07/2008
Global financial crisis begins,09/15/2008
Global financial crisis - Lehman Brothers collapses,09/15/2008
Barack Obama elected first Black US President,11/04/2008
Bitcoin created by Satoshi Nakamoto,01/03/2009
Obama inaugurated as 44th US President,01/20/2009
H1N1 swine flu pandemic declared,06/11/2009
Iranian Green Revolution protests disputed election,06/12/2009
Haiti earthquake kills 230000,01/12/2010
Deepwater Horizon oil spill in Gulf of Mexico,04/20/2010
Arab Spring begins in Tunisia with Mohamed Bouazizi self-immolation,12/17/2010
Arab Spring begins in Tunisia,12/17/2010
"Arab Spring: Egyptian revolution, Mubarak resigns",02/11/2011
Fukushima nuclear disaster,03/11/2011
Arab Spring spreads across Middle East,04/21/2011
Osama bin Laden killed by US forces,05/02/2011
Syrian Civil War begins,05/12/2011
Curiosity rover lands on Mars,08/06/2012
Obama re-elected US President,11/06/2012
Sandy Hook Elementary School shooting kills 26 in Connecticut,12/14/2012
Sandy Hook school shooting,12/14/2012
Pope Francis elected as first Jesuit and Latin American pope,03/13/2013
Boston Marathon bombing,04/15/2013
Edward Snowden reveals NSA mass surveillance programs,06/06/2013
Syria chemical weapons attack near Damascus,08/21/2013
Crimea annexed by Russia,03/18/2014
Ebola epidemic in West Africa,04/27/2014
ISIS declares caliphate across Iraq and Syria,06/29/2014
ISIS declares Islamic State caliphate,06/29/2014
Iran nuclear deal (JCPOA) signed,07/14/2015
European refugee crisis peaks with Syrian civil war displacement,07/31/2015
Paris terrorist attacks kill 130 at Bataclan and other sites,11/13/2015
Paris terrorist attacks,11/13/2015
Brexit referendum - UK votes to leave EU,06/23/2016
"Battle of Mosul begins, ISIS expelled from Iraqi city",10/17/2016
Donald Trump elected US President,11/08/2016
"Hurricanes Harvey, Irma, Maria devastate Texas and Caribbean",01/10/2017
Me Too movement spreads globally,07/06/2017
Las Vegas mass shooting kills 60 at music festival,10/01/2017
"Harvey Weinstein exposed, #MeToo movement spreads",10/27/2017
US-China trade war begins,03/23/2018
Thai cave rescue of 12 boys captivates world,07/19/2018
Saudi journalist Jamal Khashoggi murdered in Istanbul consulate,10/02/2018
Notre-Dame Cathedral fire in Paris,04/15/2019
Greta Thunberg addresses UN Climate Summit,09/23/2019
COVID-19 pandemic begins,12/10/2019
"Coronavirus identified in Wuhan, China",12/15/2019
COVID-19 pandemic declared by WHO,03/11/2020
"George Floyd killed by Minneapolis police, Black Lives Matter protests",05/25/2020
George Floyd killed - global protests,05/25/2020
Joe Biden elected US President defeating Trump,11/07/2020
January 6 US Capitol riot after election denial,01/06/2021
US Capitol stormed on January 6,01/06/2021
COVID-19 vaccines approved and distributed,04/29/2021
Afghanistan falls to Taliban,08/15/2021
"US withdraws from Afghanistan, Taliban takes Kabul",08/15/2021
Russia invades Ukraine,02/24/2022
Queen Elizabeth II dies,09/08/2022
Elon Musk acquires Twitter,10/27/2022
ChatGPT launched by OpenAI,11/30/2022
ChatGPT released by OpenAI,11/30/2022
"Turkey and Syria earthquake kills 50,000",02/06/2023
AI regulation debates intensify globally,03/31/2023
First successful gene therapy using CRISPR,09/11/2023
"Hamas attacks Israel, Israel-Gaza war begins",10/07/2023
Israel-Hamas war begins,10/07/2023
Gaza War continues with massive civilian casualties,10/02/2024
US presidential election - Trump wins second term,11/05/2024
Global AI governance discussions at major summits,12/20/2024
Economic impacts of automation become major policy concern,01/12/2025
Los Angeles wildfires cause unprecedented destruction,01/27/2025
AI capabilities accelerate with new model releases,05/31/2025
"FIFA World Cup held in US, Canada, and Mexico",04/03/2026
European Union continues expansion and integration,04/26/2026
US Semiquincentennial - 250th anniversary of Independence,07/04/2026
